id,emotion,text_en,claude_ru,nllb_ru_v1,conf_ru_v1,nllb_ru_v2,conf_ru_v2,nllb_ru_v3,conf_ru_v3,nllb_ru_v4,conf_ru_v4,final_ru,claude_ky,nllb_ky_v1,conf_ky_v1,nllb_ky_v2,conf_ky_v2,nllb_ky_v3,conf_ky_v3,nllb_ky_v4,conf_ky_v4,final_ky,notes
eekfunt,disgust,Being a [NAME] is no different from being a [NAME]. Both have caused genocides. I hate how our society only focuses on one though!,"Быть [ИМЯ] ничем не отличается от того, чтобы быть [ИМЯ]. И те и другие устраивали геноциды. Ненавижу, что наше общество зацикливается только на одном!","Быть [ИМЯ] ничем не отличается от того, чтобы быть [ИМЯ]. Оба вызвали геноциды. Я ненавижу, как наше общество фокусируется только на одном!",0.264,"Быть [ИМЯ] ничем не отличается от того, чтобы быть [ИМЯ]. Оба вызвали геноцид. Я ненавижу, когда наше общество фокусируется только на одном!",0.258,"Быть [ИМЯ] ничем не отличается от того, чтобы быть одним из них. Обе причиняли геноциды. Я ненавижу, что наше общество фокусируется только на одном!",0.245,"Быть [ИМЯ] ничем не отличается от быть [ИМЯ]. Оба они вызвали геноцид. Ненавижу, когда наше общество фокусируется только на одном!",0.233,,[АТ] болуу [АТ] болуудан эч айырмасы жок. Экөө тең геноцид жасашкан. Коомубуз бирөөнө гана топтолгонун жек көрөм!,[АТ] болуу менен анча деле айырмасы жок. Экөө тең геноцидге себепкер болушкан. Биздин коом бир гана нерсеге көңүл бурганын жаман көрөм!,0.263,Бир болуу менен бир болуунун айырмасы жок. Экөө тең геноцидге себепкер болгон. Биздин коом бир гана нерсеге көңүл бурганын жек көрөм!,0.256,[АТ] болуу менен анча деле айырмасы жок да. Экөө тең геноцидге себепкер. Биздин коомдун бир гана нерсеге көңүл бурганын жаман көрөм!,0.247,[АТ] болуу менен анча деле айырмасы жок экен. Экөөндө тең геноцид болгон. Биздин коом бир гана нерсеге көңүл бурганын жектейм!,0.233,,
eeg2k08,joy,Let's all go to Dragon Laaaaaand!,Все едем в Страну Драааааконов!,Давайте все поедем на драконскую охоту!,0.258,Давайте все поедем на Драконский Лад!,0.252,Пойдемте все к Дракону Лааа!,0.247,Пойдемте все к Дракону Лаа!,0.242,,Баарыбыз Dragon Lааааааandка барабыз!,"Келгиле, баарыбыз ажыдаардын көлүнө баралы!",0.255,"Келгиле, баарыбыз Ажыдаардын Лааалына баралы!",0.254,"Келгиле, баарыбыз тең Ажыдаардын Лааалына баралы!",0.25,"Келгиле, баарыбыз Ажыдаардын Лаааасына баралы!",0.242,,
eexx0lb,joy,"Thank you. I've been correcting the record for triggered authoritarians for a minute! ""Mah taxes""",Спасибо. Я уже целую вечность поправляю факты для триггернутых авторитаристов! «Мои налооги»,"Спасибо тебе... спасибо... Я уже минуту исправляю записи для вспыльчивых авторитариев! Налоги ""маха""",0.258,"Спасибо... спасибо... Я уже минуту поправляю запись для вспыльчивых авторитариев! ""Налоги на мах""",0.253,Спасибо тебе... Я уже минуту исправляю запись для вспыльчивых авторитариев! Налоги на мах...,0.249,"Спасибо вам... спасибо... Я уже минуту исправляю записи для вспылившихся авторитариев! Налоги ""мах"".",0.241,,"Рахмат. Триггерленген авторитарларга бир топ убакыттан бери жооп берип жатам! ""Менин салыктарым""","Рахмат сизге. Мен бир мүнөттөн бери козголгон авторитардыктардын рекордун оңдоп отурам! ""Мах салыктары""",0.271,"Ыракмат сизге. Мен бир мүнөттөн бери козголгон авторитардыктардын рекордун оңдоп жатам! ""Мах салыктар""",0.256,"Сизге ыракмат. Мен бир мүнөттөн бери козголгон авторитарчылардын рекордун оңдоп жатам! ""Маа салыктар""",0.245,"Рахмат силерге. Мен бир мүнөттөн бери козголоңчул авторитарчылардын рекордун оңдоп жатам! ""Маң салыктар""",0.227,,
eehsg7q,fear,Beyond nightmare!!,Хуже любого кошмара!!,Помимо кошмара!,0.263,За пределами кошмара!,0.26,По ту сторону кошмара!,0.243,Позади кошмара!,0.234,,Кабустан да жаман!!,Кошмардан ашып түшкөнсүймүн!,0.254,Кошмардан ашып түшкүлөчү!,0.252,Кошмардан ашып түшкөнсүйт!,0.248,Кошмардан ашып түшкөнсүймүнбү!,0.246,,
ee2kw21,fear,Please elaborate on that story! Ive always been afraid of exactly this happening to me.,"Расскажи подробнее об этой истории! Я всегда боялся/-лась, что со мной случится именно это.","Пожалуйста, разъясни эту историю! Я всегда боялся, что со мной случится именно это.",0.266,"Пожалуйста, разъясни эту историю подробнее! Я всегда боялся, что со мной произойдет именно это.",0.257,"Разъясни, пожалуйста, эту историю! Я всегда боялся, что со мной может случиться именно это.",0.243,"Пожалуйста, подробно расскажи эту историю! Я всегда боялся именно того, что со мной случится именно это.",0.234,,Ал окуяны майдалап айтып бер! Мен дайыма так ушундай нерсенин башыма келишинен коркуп жүргөм.,Ал окуяны кененирээк айтып берсеңиз! Мен дайыма дал ушунун эле башыма келе тургандыгынан коркчумун.,0.255,Ошол окуяны кененирээк айтып берсеңиз! Мен дайыма дал ушунун эле башыма келе тургандыгынан корко берчүмүн.,0.252,Ал окуяны кененирээк айтып берчи! Мен дайыма дал ушунун башыма келе тургандыгынан коркчумун.,0.249,Ошол окуяны кененирээк айтып берчи! Мен дайыма дал ушунун эле башыма келе тургандыгынан коркуп келгенмин.,0.245,,
ee1pydm,fear,"But terrible people is my ""type""",Но ужасные люди — это мой «тип»,"Но ужасные люди  мой ""тип""",0.272,"Но ужасные люди - мой ""тип""",0.268,"Но ужасные люди - это мой ""тип""",0.238,Но ужасные люди  мой  тип.,0.221,,"Бирок жаман адамдар — менин ""типим""","Бирок жаман адамдар менин ""тибим""",0.265,"Бирок коркунучтуу адамдар менин ""тибим""",0.251,"Бирок, жаман адамдар менин ""тибим""",0.242,"Бирок жаман адамдар менин ""типим""",0.242,,
ed8jdcf,surprise,Very surprised he didn't frog leap at the guy the close the distance,"Очень удивился, что он не прыгнул на того парня, чтобы сократить дистанцию","Очень удивился, что не прыгнул на парня ближе к месту.",0.257,"Очень удивился, что он не прыгнул на парня ближе к месту.",0.255,"Очень удивился, что он не прыгнул на парня, как только приблизился.",0.245,"Очень удивился, что он не прыгнул на парня с такой скоростью.",0.243,,Аралыкты жабуу үчүн жигитке секирип барбаганына абдан таң калдым,Абдан таң калды ал бака секирген жок кишиге жакын аралыкты,0.254,Абдан таң калды ал бака секирген жок жигитке жакын аралыктагы,0.251,Абдан таң калды ал бака секирген жок кишиге жакын аралыктагы,0.247,Абдан таң калды ал бака секирген жок жигитке жакын аралыкты,0.247,,
edummv2,fear,"Aha! This is my fear, that the gloss over key elements because they want to target a wider audience!","Аха! Это именно то, чего я боюсь — что они замажут ключевые моменты, потому что хотят захватить более широкую аудиторию!","Ах ты! Это мой страх, что они заслоняют ключевые элементы, потому что хотят прицелиться в более широкую аудиторию!",0.277,"Ах, как же! Это мой страх, что они заслонят ключевые элементы, потому что хотят прицелиться в более широкую аудиторию!",0.248,"Ах ты, эх! Это мой страх, что они заслоняют ключевые элементы, потому что хотят ориентироваться на более широкую аудиторию!",0.242,"Ах, да! Это мой страх, что они заслоняют ключевые элементы, потому что хотят охватить более широкую аудиторию!",0.233,,Аха! Менин коркунучум дал ушул — алар кеңири аудиторияга жетүү үчүн негизги элементтерди жашырып коёт!,"Аха! - деп кыйкырды. Бул менин коркунучум, себеби алар кеңири аудиторияны бутага алууну каалагандыктан, негизги элементтерди жылтыратат!",0.26,"Аха! - деп кыйкырат. Бул менин коркунучум, себеби алар кеңири аудиторияны бутага алууну каалагандыктан, негизги элементтерди жаап коюшат!",0.254,"Айланайын! Бул менин коркунучум, себеби алар кеңири аудиторияны бутага алууну каалагандыктан, негизги элементтерди жылтыратат деп ойлойм!",0.246,"Иии! Бул менин коркунучум, себеби алар кеңири аудиторияны бутага алууну каалагандыктан, негизги элементтерди жылтыратып жиберишет!",0.239,,
ef91h14,anger,"Yeah, but geology doesn’t provide enough pumped hydro. Not enough places to do it.","Да, но геологических условий не хватает для гидроаккумуляции. Просто недостаточно подходящих мест.","Да, но геология не обеспечивает достаточное количество накачиваемой гидроэнергии. Не хватает мест, чтобы это сделать.",0.263,"Да, но геология не обеспечивает достаточным количеством гидроэлектростанций. Не хватает мест, чтобы сделать это.",0.249,"Да, но геология не обеспечивает достаточным количеством накачиваемой гидроэнергии. Недостаточно мест, чтобы это сделать.",0.245,"Да, но геология не обеспечивает достаточное количество гидроэлектростанций. Не достаточно мест, чтобы это сделать.",0.242,,"Ооба, бирок геология жетиштүү суу электр станцияларын камсыздай албайт. Аны кылуу үчүн жетиштүү жер жок.","Ооба, бирок геология жетишээрлик деңгээлде гидроэлектр менен камсыз кылбайт. Аны жасоого жетишээрлик жерлер жок.",0.257,"Ооба, бирок геология жетишээрлик деңгээлде насостолгон гидроэлектростансаны камсыз кылбайт. Аны жасоого жетиштүү жерлер жок.",0.25,"Ооба, бирок геология жетишээрлик деңгээлде насостолгон гидроэлектростанцияны камсыз кылбайт. Антүүгө жетиштүү жерлер жок.",0.247,"Ооба, бирок геология жетиштүү сандагы насостолгон гидроэлектростанцияны камсыз кылбайт. Антиш үчүн жетиштүү жерлер жок.",0.246,,
eetpujx,anger,ONLY FUCKING MERRILL WOULD MISS THAT,ТОЛЬКО МЁРИЛЛ МОГ ТАК ПРОМАЗАТЬ,Только проклятый Меррил мог это пропустить.,0.257,Только проклятый Меррил мог бы это пропустить.,0.256,Только проклятый Меррилл пропустил бы это.,0.248,Только проклятый Меррилл пропустил бы это...,0.239,,ОШО ЖЕРДИ ПАК МЕРРИЛЛ ГАНА ЖАЗА АЛМАК,Жалгыз гана БЫЯКЫМ МЭРРИЛЛ муну өткөрүп жибермек.,0.256,Жалгыз гана БЫЯКЫМ МЭРРИЛЛ муну өткөрүп жибере алмак.,0.25,Жалгыз гана БЫЯКЫМ МЭРРИЛЛ муну өткөрүп жиберер эле.,0.248,Жалгыз гана БЫЯКЫМ МЭРРИЛЛ муну өткөрүп жибермек,0.246,,
efgmdmv,disgust,"the trajectory of that is really weird! But [NAME], that guys arm, hand, possibly head is not liking the next .01 second!","траектория этого реально странная! Но [ИМЯ], рука, кисть, а может и голова этого парня явно не в восторге от следующих 0.01 секунды!","Траектория этого действительно странная! Но у [ИМЯ], у этих ребят рука, рука, возможно, и голова, не понравится в ближайшие.01 секунды!",0.258,"траектория этого действительно странная! Но у [ИМЯ], у этих ребят рука, рука, возможно, и голова, не понравится в ближайшие секунды!",0.251,"Его траектория действительно странная! Но у [ИМЯ], у этих ребят рука, рука, возможно, и голова не нравятся в ближайшие секунды!",0.249,"Эта траектория действительно странная! Но у [ИМЯ], у этих ребят рука, рука, возможно, и голова, не понравится в ближайшие с точностью до секунды!",0.242,,"Анын траекториясы чындап кызык! Бирок [АТ], ал жигиттин колу, билеги, мүмкүн башы кийинки 0.01 секундду жактырбай жатат!","Анын траекториясы чынында эле кызык экен! Бирок, бул жигиттердин колу, колу, балким башы кийинки .01 секундага чейин жакпай жатат!",0.253,"Мунун траекториясы чынында эле кызык экен! Бирок, бул жигиттердин колу, колу, мүмкүн башы кийинки .01 секундага чейин жакпай жатат!",0.251,"Анын траекториясы чынында эле кызык! Бирок, бул жигиттердин колу, колу, мүмкүн башы кийинки .01 секунданы жактырбай жатат!",0.248,"Анын траекториясы чынында эле кызыктай экен! Бирок, бул жигиттердин колу, колу, балким башы кийинки .01 секунданы жактырбай жатат!",0.247,,
ef5d6ib,disgust,"It's a self-identifying group, and they have killed quite a bit of people in their crusade for revenge. It's both absolutely pathetic and absolutely terrifying.","Это группа по самоидентификации, и они убили немало людей в своём крестовом походе за месть. Это одновременно абсолютно жалко и абсолютно жутко.","Это группа, самоидентифицирующаяся, и они убили довольно много людей в своем крестовом походе ради мести. Это одновременно и абсолютно жалко, и абсолютно устрашающе.",0.258,"Это группа, которая самоидентифицируется, и они убили довольно много людей в своем крестовом походе ради мести. Это одновременно абсолютно жалко и абсолютно устрашающе.",0.255,"Это группа, которая самоименничает, и они убили довольно много людей в своем крестовом походе ради мести. Это одновременно и абсолютно жалко, и абсолютно ужасающе.",0.246,"Это группа, которая самоидентифицировалась, и они убили довольно много людей в своем крестовом походе ради мести. Это одновременно и абсолютно жалкое, и абсолютно ужасающее.",0.241,,"Бул өзүн-өзү аныктаган топ, алар өч алуу крест жүрүшүндө бир топ адамдарды өлтүрүштү. Бул бир эле учурда абдан аянычтуу жана абдан коркунучтуу.",Бул өзүн таануучу топ жана алар кек алуу үчүн өздөрүнүн кресттүүлөрүнүн жүрүшүндө бир топ адамдарды өлтүрүшкөн. Бул өтө аянычтуу жана өтө коркунучтуу да көрүнүш.,0.257,Бул өзүн таануучу топ жана алар өч алуу үчүн өздөрүнүн кресттүүлөрүнүн жүрүшүндө бир топ адамдарды өлтүрүшкөн. Бул эң эле аянычтуу жана эң эле коркунучтуу көрүнүш.,0.253,Бул өзүн таануучу топ жана алар кек алуу үчүн өздөрүнүн кресттүүлөрдүн жүрүшүндө бир топ адамдарды өлтүрүшкөн. Бул эң эле аянычтуу жана эң эле коркунучтуу да көрүнүш.,0.249,Бул өзүн таануучу топ жана алар өч алуу үчүн өздөрүнүн кресттүүлөрүнүн жүрүшүндө бир топ адамдарды өлтүрүштү. Бул эң эле аянычтуу жана эң эле коркунучтуу көрүнүш да.,0.241,,
eehbu84,surprise,"You're with him, you brought him here to kill me.","Ты с ним заодно, ты привёл его сюда, чтобы убить меня.","Ты с ним, ты привел его сюда, чтобы убить меня.",0.274,"Ты с ним, ты привез его сюда, чтобы убить меня.",0.255,"Ты с ним, ты притащил его сюда, чтобы убить меня.",0.255,"Вы с ним, вы привели его сюда, чтобы убить меня.",0.216,,"Сен аны менен бирдесиң, аны мени өлтүрүү үчүн ушул жерге алып келдиң.","Сен аны менен биргесиң, сен аны мени өлтүрүш үчүн мында алып келдиң.",0.255,"Сен аны менен биргесиң, сен аны мени өлтүрүү үчүн мында алып келдиң.",0.249,"Сен аны менен биргесиң, сен аны мени өлтүрүш үчүн бул жерге алып келдиң.",0.248,"Сен аны мененсиң, сен аны мени өлтүрүш үчүн мында алып келдиң.",0.248,,
eeqirlp,surprise,"Us girls are taught to always be polite. Screw that, safety is more important.","Нас, девчонок, учат всегда быть вежливыми. Да пошло оно, безопасность важнее.","Нас, девочек, учат всегда быть вежливыми. К черту это, безопасность важнее.",0.277,"Нас, девушек, учат всегда быть вежливыми. К черту всё это, безопасность важнее.",0.248,"Нас, девочек, учат быть всегда вежливыми. К чёрту это, безопасность важнее.",0.24,"Нас девочек учат всегда быть вежливыми. Черт с ним, безопасность важнее.",0.234,,"Бизди, кыздарды, дайыма маданияттуу болууга үйрөтүшөт. Кой аны, коопсуздук маанилүүрөөк.","Биз кыздарга дайыма сылык болууга үйрөтүлөт. Черт муну, коопсуздук маанилүүрөөк.",0.258,"Биз кыздар ар дайым сылык болууга үйрөтүлөбүз. Каш тигини, коопсуздук маанилүүрөөк.",0.249,"Биз кыздар ар дайым сылык болууга үйрөтүлөтбүз. Черт муну, коопсуздук андан да маанилүү.",0.248,"Биз, кыздар, дайыма сылык болууга үйрөтүлөбүз. Каш тигини, коопсуздук андан да маанилүү.",0.245,,
ee95p64,sadness,Sorry if this is ignorant but is that a wig?,"Сорри если это тупой вопрос, но это парик?","Прости, если это невежественно, но это что, парик?",0.251,"Прости, если это невежество, но это что, парик?",0.251,"Извините, если это невежество, но это что, парик?",0.251,"Извини, если это невежество, но это что, парик?",0.246,,"Билбегенден сурасам болобу, бул парик беле?","Бул наадандык болсо кечирип койгула, бирок ал перукпу?",0.26,"Бул наадандык болсо кечирип коюңуз, бирок ал перукпу?",0.25,"Бул наадандык болсо кечирип койгула, бирок бул перукпу?",0.25,"Бул наадандык болсо кечирип койгула, бирок ал бир перукпу?",0.24,,
ef8hx01,anger,all the more reason to not give a fuck about CFF,Ещё один повод забить болт на CFF,Тем более причина не отдавать долбаную голову КФФ...,0.251,Тем более причина не отдавать дрянь КФФ.,0.25,Тем более причина не отдавать долбаную голову КФФ.,0.25,Тем более причина не отдавать дрянь КФФ...,0.25,,CFF жөнүндө ойлобой коюга дагы бир себеп,Ошону менен бирге КФБ жөнүндө бир нерсе дебегенге дагы бир себеп бар.,0.258,"Ошону менен бирге, КФБ жөнүндө бир нерсе дебегенге дагы бир себеп бар.",0.256,Ошону менен бирге КФБ жөнүндө бир нерсе дебегенге дагы бир себеп.,0.243,Ошону менен бирге КФБ жөнүндө бир нерсе дебегенге дагы бир себеп,0.243,,
edjuq7n,sadness,I really liked this but holy shit I miss my AR shots compared to like 1440 or even 1600,"Мне это очень понравилось, но, блять, как же я скучаю по AR-снимкам в сравнении с какими-то 1440 или даже 1600.","Мне это очень понравилось, но, святые угодники, я скучаю по моим снимкам в дополненной реальности по сравнению с какими-то типами вроде 1440 или даже 1600",0.258,"Мне это очень понравилось, но, святые угодники, я скучаю по моим снимкам в дополненной реальности по сравнению с какими-то типами вроде 1440 или даже 1600.",0.25,"Мне это очень понравилось, но, святые угодники, я скучаю по моим снимкам в дополненной реальности по сравнению с какими-то типами, как в 1440 или даже в 1600",0.247,"Мне это очень понравилось, но, святые угодники, я скучаю по моим снимкам в дополненной реальности по сравнению с какими-то типами, как в 1440 или даже в 1600 годах.",0.245,,"Бул мага абдан жакты, бирок ай жаа, AR кадрларымды абдан сагындым, 1440 же 1600 менен салыштырганда","Мага бул аябай жакты, бирок чиркин, мен өзүмдүн АР кадрларымды сагындым окшойт, мисалы, 1440 же ал эмес, 1600гө салыштырганда",0.251,"Мага бул аябай жакты, бирок чиркин, мен өзүмдүн АР кадрларымды сагындым окшойт, мисалы, 1440 же атүгүл 1600гө салыштырганда",0.25,"Мага бул аябай жакты, бирок чиркин, мен өзүмдүн АР кадрларымды сагындым окшойт, мисалы, 1440 же ал түгүл, 1600гө салыштырганда",0.25,"Мага бул аябай жакты, бирок чиркин, мен өзүмдүн АР кадрларымды сагындым окшойт, мисалы, 1440 же ал эмес, 1600гө салыштырмалуу",0.249,,
ed1sjv8,disgust,"I could go, but honestly, it is the worst place on earth. I have 0 desire to do it.","Мог(ла) бы поехать, но честно, это худшее место на земле. У меня 0 желания туда ехать.","Я мог бы поехать, но, честно говоря, это самое худшее место на земле. У меня нет желания это делать.",0.28,"Я мог бы поехать, но честно говоря, это самое худшее место на земле. У меня нет желания делать это.",0.249,"Я мог бы пойти, но, честно говоря, это самое худшее место на земле. У меня нет желания это сделать.",0.238,"Я мог бы пойти, но честно говоря, это самое худшее место на земле. У меня нет желания этого делать.",0.233,,"Бара алмакмын, бирок чынын айтсам, бул жердеги эң жаман жер. Барууга эч каалоом жок.","Мен бара алмакмын, бирок чынын айтсам, ал жер жердин эң жаман жери. Менин муну жасоого каалоом жок.",0.263,"Мен барсам болот эле, бирок чынын айтсам, ал жер жердин эң жаман жери. Менин аны жасоого каалоом жок.",0.257,"Мен барсам болмок, бирок чынын айтсам, ал жер жердин эң жаман жери. Менин муну жасоого эч кандай каалоом жок.",0.246,"Мен бара алмакмын, бирок чынын айтсам, бул жердин эң жаман жери. Менин буга каалоом жок.",0.234,,
ed497m1,anger,This sounds like a toxic relationship for the both of you. Seems miserable... I’d hate to be in that relationship,Это звучит как токсичные отношения для вас обоих. Похоже на кошмар... Я бы ни за что не хотел оказаться в таких отношениях,Это звучит как токсичные отношения для вас обоих. Кажется несчастным... Я бы не хотел быть в таких отношениях...,0.279,"Похоже, это токсичные отношения для вас обоих. Кажется, несчастный... Я бы не хотел быть в таких отношениях.",0.249,Звучит как токсичные отношения для вас обоих. Кажется несчастной... Я бы не хотела быть в таких отношениях...,0.241,Это звучит как токсичная связь для вас обоих. Кажется жалким... Я бы не хотела быть в таких отношениях.,0.231,,Бул экөөңөр үчүн да токсикалык мамиледей угулат. Азаптуу... Мен андай мамиледе болгум келмек эмес,Бул сиз экөөңүз үчүн уулуу мамиле сыяктуу угулат. Шордуу көрүнөт... Мен ал мамиледе болууну жаман көрөр элем.,0.262,Бул экөөңөрдүн ортоңордогу уулуу мамиле сыяктуу угулат. Бейжайлуу көрүнөт... Мен андай мамиледе болууну жаман көрөмүн.,0.251,Бул экөөңөрдүн ортоңордогу уулуу мамилеге окшойт. Бакытсыз көрүнөт... Мен андай катнашта болууну жаман көрөмүн.,0.248,Бул экөөңөр үчүн уулуу мамиле сыяктуу угулат. Бактысыз көрүнөт... Мен ал мамиледе болууну жаман көрөмүн.,0.239,,
ef96373,disgust,It seemed weird to me as well. It's just 10mcg of cyanocobalamin with some fillers like corn starch and celulose.,Мне тоже показалось странным. Там просто 10 мкг цианокобаламина с наполнителями типа кукурузного крахмала и целлюлозы.,Мне тоже показалось странным. Это всего лишь 10 мкг цианокобаламина с некоторыми наполнителями вроде кукурузного крахмала и целлюлозы.,0.26,Мне тоже это показалось странным. Это всего лишь 10 мкг цианокобаламина с какими-то наполнителями вроде кукурузного крахмала и целлюлозы.,0.253,Мне это тоже показалось странным. Это всего лишь по десять мкг цианокобаламина с добавками вроде кукурузного крахмала и целлюлозы.,0.247,"Мне тоже показалось это странным. Это всего лишь 10 мкг цианокобаламина с некоторой набивной, вроде кукурузного крахмала и целлюлозы.",0.239,,Мага да кызык сезилди. Бул жүгөрү крахмалы жана целлюлоза сыяктуу толтуруучулары бар жөн гана 10 мкг цианокобаламин.,"Мага да кызыктай көрүндү. Бул болгону цианокобаламиндин 10мкг, жүгөрү крахматы жана целлюлоза сыяктуу кээ бир толтургучтары бар экен.",0.255,"Мага да кызыктай сезилди. Бул болгону цианокобаламиндин 10мкг, жүгөрү крахматы жана целлюлоза сыяктуу кээ бир толтургучтары бар.",0.252,"Ал мага да кызыктай көрүндү. Бул болгону цианокобаламиндин 10мкг, жүгөрү крахматы жана целлюлоза сыяктуу кээ бир толтуруучу заттар менен.",0.25,Ал мага да кызыктай сезилди. Бул болгону цианокобаламиндин 10мкг жүгөрү крахматы жана целлюлоза сыяктуу кээ бир толтуруучу заттар менен.,0.243,,
ee9mvpt,surprise,"2nd one resounds with me so much, I rarely realize how little I trust other people to do any task lol","Второй так сильно откликается, я редко осознаю, насколько мало доверяю другим людям в любом деле лол","Второй так сильно перекликается со мной, что я редко осознаю, насколько мало доверяю другим людям любую задачу, ладно?",0.251,"Второй так сильно перекликается со мной, что я редко осознаю, насколько мало доверяю другим людям любую задачу, ладно.",0.25,"Второй так сильно перекликается со мной, что я редко осознаю, насколько мало доверяю другим людям выполнение любой задачи, ладно?",0.25,"Второй так сильно перекликается со мной, что я редко осознаю, насколько мало доверяю другим людям выполнение любой задачи, ладно.",0.248,,"2-нчиси мага ооо канчалык резонанс берет, башкаларга кандайдыр бир тапшырманы жасоого канчалык аз ишенгенимди сейрек түшүнөм лол","Экинчиси мага ушунчалык жагат, мен башка адамдарга эч кандай тапшырманы аткарууга канчалык аз ишенеримди сейрек түшүнөм, ыя",0.252,"Экинчиси мага ушунчалык жагат, мен башка адамдарга эч кандай тапшырманы аткарууга канчалык аз ишенеримди чанда гана түшүнөм, ыя",0.252,"Экинчиси мага ушунчалык жагат, мен башка адамдарга эч кандай тапшырманы аткарууга канчалык аз ишенеримди чанда эле түшүнөм, ыя",0.248,"Экинчиси мага ушунчалык жагат, мен башка адамдарга эч кандай тапшырманы аткарууга канчалык аз ишенеримди сейрек түшүнөм, ыя.",0.248,,
efdcz7e,joy,OP literally said guys like [NAME] are not unicorns and not hard to find. They never said [NAME] was the ultimate standard lol,"ОП буквально сказал, что такие парни, как [ИМЯ] — не единороги и их несложно найти. Никто не говорил, что [ИМЯ] — это какой-то главный эталон lol","ОП буквально сказала, что такие парни, как [ИМЯ], не являются единорогами и их нетрудно найти. Они никогда не говорили, что [ИМЯ]  это высший стандарт, ладно.",0.256,"ОП буквально сказала, что такие парни, как [ИМЯ], не являются единорогами и их не трудно найти. Они никогда не говорили, что [ИМЯ]  это высший стандарт, да ладно.",0.25,"ОП буквально сказала, что такие парни, как [ИМЯ], не являются единорогами и их несложно найти. Они никогда не говорили, что [ИМЯ]  это высший стандарт, да?",0.248,"ОП буквально сказала, что такие парни, как [ИМЯ], не являются единорогами и найти их несложно. Они никогда не говорили, что [ИМЯ]  это высший стандарт, ладно?",0.247,,ОП түздөн-түз [АТ] сыяктуу жигиттер сейрек эмес жана табуу кыйын эмес деди. Алар эч качан [АТ] эң жогорку стандарт деген жок лол,"ОП сөздүн түз маанисинде, [АТ] сыяктуу жигиттер жалгыз мүйүз эмес жана аларды табуу кыйын эмес деп айтты. Алар эч качан айтышкан эмес, бул эң жогорку стандарт деп, ыя.",0.254,"ОП сөздүн түз маанисинде, [АТ] сыяктуу жигиттер жалгыз мүйүздөр эмес жана аларды табуу кыйын эмес деп айтты. Алар эч качан айтышкан эмес, бул эн жогорку стандарт деп, ыя.",0.25,"ОП сөздүн түз маанисинде, [АТ] сыяктуу жигиттер жалгыз мүйүз эмес жана аларды табуу кыйын эмес деди. Алар эч качан айтышкан эмес, бул эң жогорку стандарт деп.",0.249,"ОП сөздүн түз маанисинде, [АТ] сыяктуу жигиттер жалгыз мүйүздөр эмес жана аларды табуу кыйын эмес деди. Алар эч качан айтышкан эмес, бул эң жогорку стандарт деп, ыя...",0.247,,
edqssue,disgust,There is nothing more disgusting than those who put children in danger unless it is the people who allow them to do more harm.,"Нет ничего отвратительнее тех, кто подвергает детей опасности, разве что те, кто позволяет им причинять ещё больший вред.","Нет ничего более отвратительного, чем те, кто подвергает детей опасности, если только люди сами не позволяют им причинить больше вреда.",0.254,"Нет ничего более отвратительного, чем те, кто подвергает детей опасности, если только сами люди не позволяют им причинить больше вреда.",0.25,"Нет ничего более отвратительного, чем те, кто подвергает детей опасности, если только именно люди не позволяют им причинить больше вреда.",0.249,"Нет ничего более отвратительного, чем те, кто подвергает детей опасности, если только сами люди не позволят им причинить больше вреда.",0.247,,"Балдарды коркунучка салгандардан жийиркеничтүүрөөк эч нерсе жок, бирок аларга зыян келтирүүгө жол бергендер андан да жаман.","Балдарды коркунучка салган адамдардан жийиркеничтүү эч нерсе жок, эгерде аларга көбүрөөк зыян келтирүүгө жол берген адамдар болбосо.",0.254,"Балдарды коркунучка салган адамдардан жийиркеничтүү эч нерсе жок, балдарга көбүрөөк зыян келтирүүгө жол берген адамдар болбосо.",0.251,"Балдарды коркунучка салган адамдардан жийиркеничтүү эч нерсе жок, балдарга көбүрөөк зыян келтирүүгө мүмкүндүк берген адамдар болбосо.",0.248,"Балдарды коркунучка салган адамдардан жийиркеничтүү эч нерсе жок, балдардын өздөрү гана аларга көбүрөөк зыян келтирүүгө жол бербесе.",0.248,,
efe97h5,sadness,"No phone, can't help....sorry?","Нет телефона, не могу помочь....сорри?","Нет телефона, помочь не могу... извини?",0.259,"Нет телефона, не могу помочь... извини?",0.256,"Нет телефона, помочь не могу...простите?",0.244,"Телефона нет, помочь не могу... извини?",0.242,,"Телефон жок, жардам бере алмак эмесмин....кечир?","Телефон жок, жардам бере албайм, кечиресизби?",0.258,"Телефонум жок, жардам бере албайм, кечиресизби?",0.254,"Телефон жок, жардам бере албайм...кечиресизби?",0.25,"Телефонум жок, жардам бере албайм... Кечиресизби?",0.239,,
efan4tt,fear,I already called the county I got married in trying to find out about it but they had nothing on either of us about a divorce.. Im so anxious.,"Я уже звонил(а) в округ, где мы поженились, пытаясь выяснить, но у них не было ничего ни на кого из нас насчёт развода.. Я так тревожусь.","Я уже звонил в округ, где женился, пытаясь разобраться в этом, но они ничего не знали ни нас двоих насчет развода... Я так волнуюсь.",0.268,"Я уже звонил в округ, где женился, пытаясь разобраться в этом, но у них ничего нет ни нас двоих насчет развода... Я так взволнован.",0.251,"Я уже звонил в округ, где я женился, пытаясь разобраться в этом, но у них ничего нет ни нас двоих насчет развода... Я так беспокоюсь.",0.25,"Я уже звонил в округ, где женился, пытаясь разобраться в этом, но у них ничего нет ни на кого из нас насчет развода... Я так беспокоюсь.",0.231,,"Мен турмушка чыккан округума чалдым, ажырашуу жөнүндө билүүгө аракет кылдым, бирок алар бизди экөөбүздүн ажырашуусу тууралуу эч нерсе таппады.. Абдан тынчсызданып жатам.","Мен буга чейин эле мен үйлөнгөн округга чалып, ал жөнүндө билүүгө аракет кылдым, бирок алардын ажырашуу жөнүндө экөөбүздүн эч кимибиздин үстүбүздөн эч нерсеси жок болчу... Мен ушунчалык тынчсызданып турам.",0.254,"Мен буга чейин эле мен үйлөнгөн округга чалып, ал жөнүндө билүүгө аракет кылдым, бирок алар ажырашуу жөнүндө экөөбүздүн эч кимибиздин үстүбүздөн эч нерсе билишкен жок... Мен аябай тынчсызданып турам.",0.254,"Мен буга чейин эле мен үйлөнгөн округга чалып, ал жөнүндө билүүгө аракет кылдым, бирок алар ажырашуу жөнүндө экөөбүздүн ортобузда эч нерсе жок болчу... Мен абдан тынчсызданып турам.",0.249,"Мен буга чейин эле мен үйлөнгөн округга чалып, ал жөнүндө билүүгө аракет кылдым, бирок алардын ажырашуу жөнүндө экөөбүздүн эч кимибиздин үстүбүздөн эч нерсеси жок болчу. Мен аябай тынчсызданып жатам.",0.244,,
ee8u5o3,surprise,Woke is realizing the world doesnt revolve around you at its most basic level. Thats dumb?,"«Вок» в самом базовом понимании — это просто осознание, что мир не вертится вокруг тебя. Это тупо?","Пробуждение - это осознание того, что мир не вращается вокруг тебя на самом базовом уровне. Это глупо?",0.283,"Пробуждение  это осознание того, что мир не вращается вокруг тебя на самом базовом уровне. Разве это глупо?",0.246,"Пробуждение - это осознание того, что мир не вращается вокруг тебя на самом основном уровне. Это идиотизм?",0.241,"Пробуждение - это осознание того, что мир не вращается вокруг тебя на самом начальном уровне. Это и есть глупость?",0.23,,"""Woke"" болуу — эң базалык деңгээлде дүйнө сенин айланаңда айланбайт деп аңдоо. Бул акымакчылыкпы?",Ойгонуу - бул дүйнөнүн эң баштапкы деңгээлде өзүңдүн тегерегиңде айланбасын баамдоо болуп саналат. Бул акмакчылыкпы?,0.262,Ойгонуу - бул дүйнөнүн эң баштапкы деңгээлде өзүңдүн тегерегиңде айланбасын түшүнүү болуп саналат. Мунуң акмакпы?,0.252,Ойгонуу - бул дүйнөнүн эң баштапкы деңгээлде өзүңдүн тегерегиңде айланбасын баамдоо. Бул акмакпы?,0.245,Ойгонуу - бул дүйнөнүн эң баштапкы деңгээлде өзүңдүн тегерегиңде айланбасын түшүнүү. Мунуң дудукпу?,0.24,,
edtvmq5,anger,Heaven forbid you do some actual research.,Боже упаси тебя провести хоть какое-то реальное исследование.,"Не дай бог, чтобы ты сделал какое-нибудь настоящее исследование.",0.253,"Не дай бог, чтобы ты занялся реальным исследованием.",0.253,"Не дай бог, чтобы ты провел какое-нибудь настоящее исследование.",0.249,"Не дай бог, чтобы ты провел какое-нибудь реальное исследование.",0.245,,"Кудай сактасын, чыныгы изилдөө жасап коёсуңбу.",Чыныгы изилдөө жүргүзүүдөн кудай сактасын.,0.27,Чыныгы изилдөө жүргүзүүдөн Кудай сактасын.,0.255,"Кудай сактасын, сиз кандайдыр бир чыныгы изилдөө жүргүзбөңүз.",0.243,Кудай сактасын сиз кандайдыр бир чыныгы изилдөө жүргүзбөңүз.,0.233,,
ee7toae,sadness,That was my mistake. It should only show your First Name and The 1st letter of my last name.,Это была моя ошибка. Должно показываться только твоё Имя и первая буква моей фамилии.,Это была моя ошибка. Там должно быть только твое имя и первая буква моей фамилии.,0.294,Это было моей ошибкой. Там должно быть только твое Имя и первая буква моей фамилии.,0.245,В этом была моя ошибка. На нем должно быть только твое имя и первая буква моей фамилии.,0.238,Та была моя ошибка. Там должно быть только твое Имя и Первая буква моей фамилии.,0.223,,Бул менин катам эле. Сенин атың жана менин фамилиямдын биринчи тамгасы гана көрүнүшү керек болчу.,Менин каталыгым ошол болду. Анда сиздин атыңыз жана менин фамилиямдын биринчи тамгасы гана көрсөтүлүшү керек.,0.261,Менин жаңылыштыгым ошол болду. Анда сиздин биринчи ысмыңыз жана менин фамилиямдын биринчи тамгасы гана көрсөтүлүшү керек.,0.255,Менин жаңылыштыгым ушул болду. Анда сиздин Атыңыз жана менин фамилиямдын биринчи тамгасы гана көрсөтүлүшү керек.,0.244,Менин катачылыгым ошол болду. Анда сиздин атыңыз менен менин фамилиямдын биринчи тамгасы гана көрсөтүлүшү керек.,0.24,,
eeemsct,fear,I’m about to have a heart attack tonight,Я сейчас умру от сердечного приступа,У меня сегодня вот-вот случится сердечный приступ.,0.265,У меня сегодня вот-вот случится инфаркт.,0.253,У меня сегодня случится сердечный приступ.,0.249,У меня сегодня вот-вот случится сердечный приступ,0.233,,Бүгүн түнү жүрөгүм токтой жаздады,Мен бүгүн түнү инфаркт болуп калайын деп турам.,0.256,Мен бүгүн түнү жүрөк оорусуна чалдыгышым мүмкүн.,0.25,Мен бүгүн түнү инфаркт болуп калам го деп турам.,0.249,Мен бүгүн түнү жүрөк оорусуна чалдыгам.,0.245,,
ed7mv68,anger,"Saying ""don't come into this subreddit just to start arguments about politics"" isn't intolerance.",«Не заходите в этот сабреддит только чтобы устраивать срачи о политике» — это не нетерпимость.,"Говорить ""не приходите на этот субредт только для того, чтобы начать споры о политике""  это не нетерпимость.",0.252,"Говорить ""не приходите на этот субредсайт только для того, чтобы начать споры о политике""  это не нетерпимость.",0.252,"Говорить ""не приходите на этот субрэджит только для того, чтобы начать споры о политике""  это не нетерпимость.",0.248,"Говорить ""не приходите на этот субрэддит только для того, чтобы начать споры о политике""  это не нетерпимость.",0.247,,"""Бул сабредитке саясат боюнча талаш баштоо үчүн гана кирбегиле"" деп айтуу — бул чыдамсыздык эмес.","""Саясат жөнүндө талаш-тартыш баштоо үчүн бул субреддитке келбегиле"" деп айтуу толеранттуулукка жатпайт.",0.253,"""Саясат жөнүндө талаш-тартыш баштоо үчүн бул субреддитке келбегиле"" деп айтуу чыдамсыздык эмес.",0.252,"""Саясат жөнүндө талаш-тартыш баштоо үчүн бул субреддитке келбегиле"" деп айтуу сабырсыздык эмес.",0.249,"""Саясат жөнүндө талаш-тартыштарды баштоо үчүн бул субреддитке келбегиле"" деп айтуу чыдамсыздык эмес.",0.246,,
ed1e397,sadness,"Sure, sorry for late response.","Да, извини за долгий ответ.","Конечно, извините за запоздалый ответ.",0.259,"Да, извините за запоздалый ответ.",0.255,"Конечно, простите за запоздалый ответ.",0.253,"Понятно, извините за запоздалый ответ.",0.233,,"Макул, кеч жооп бергениме кечирип кой.","Албетте, кечиктирген жообум үчүн кечириңиз.",0.261,"Албетте, кечигип жооп бергенибиз үчүн кечириңиз.",0.248,"Ырас, кечиктирген жообум үчүн кечириңиз.",0.246,"Албетте, кечигип жооп бергениме кечириңиз.",0.245,,
eczsg35,anger,Same but I’m not really believing the OP isn’t a troll.,"Аналогично, но я не особо верю, что ОП не троль.","Да, но я не совсем верю, что ОП не тролль.",0.258,"Но я не совсем верю, что ОП не тролль.",0.252,"Все так же, но я не совсем верю, что ОП не тролль.",0.249,"Но я не очень верю, что ОП не тролль.",0.242,,"Мен дагы, бирок ОПтун тролль эместигине чындап ишенбей жатам.","Бирдей, бирок мен ОПтун тролл эмес экенине ишенбей турам.",0.254,"Бирдей, бирок мен ОПтун тролл эмес экенине ишене албай турам.",0.253,Бирок мен ОПтун тролл эмес экенине ишенбей турам.,0.248,"Бирдей, бирок мен ОПтун тролл эмес экенине ишене албай жатам.",0.245,,
edfzynr,surprise,I was once nearly run over by a moped that was doing 60 MPH in a parking lot. Your comment reminded me of that.,"однажды меня чуть не сбил мопед, летевший со скоростью 100 км/ч по парковке. твой комментарий напомнил мне об этом","Меня однажды чуть не переехал мопед, который ехал на скорости в сорок миль в час на парковке. Твой комментарий мне об этом напомнил.",0.267,"Однажды меня чуть не переехал мопед, который ехал на скорости в сорок миль в час на парковке. Твой комментарий напомнил мне об этом.",0.258,"Меня однажды чуть не переехал мопед, ехавший на скорости в сорок миль в час на парковке. Твой комментарий мне это напомнил.",0.242,"Меня однажды чуть не переехал мопед, который ехал на скорости в сорок миль на час на парковке. Твой комментарий мне на это напомнил.",0.233,,Бир жолу унаа турагында саатына 60 миля баратакан мопед мени дээрлик кагып кете жаздаган. Сенин комментарийиң ошону эстетти.,Бир жолу унаа токтотуучу жайда ылдамдыгы мүнөткө 60 миль болгон мопед мине жаздап кете жаздадым. Сенин комментарийиң мага ошону эске салды.,0.258,Бир жолу унаа токтотуучу жайда ылдамдыгы мүнөткө 60 миль болгон мопед мине жаздап кеттим. Сиздин комментарийиңиз мага ошону эске салды.,0.253,Бир жолу унаа токтотуучу жайда ылдамдыгы мүнөткө 60 чакырым болгон мопед мине жаздап кеттим. Сенин комментарийиң мага ошону эстетти.,0.246,Бир жолу унаа токтотуучу жайда ылдамдыгы мүнөткө 60 чакырымга жеткен мопед мине жаздап кеттим. Сиздин комментарийиңиз мага ошону эскертти.,0.242,,
eeu30n3,joy,"Haha Not like this in my experience, but I guess it's different in USA","Хаха У меня было не так, но наверное в США всё иначе","Ха-ха, по моему опыту так не бывает, но, по-видимому, в США все по-другому",0.253,"Ха-ха, по моему опыту так не бывает, но, по-видимому, в США все по-другому.",0.251,"Ха-ха, по моему опыту так не бывает, но, наверное, в США все по-другому",0.249,"Ха-ха, по моему опыту так не бывает, но, наверное, в США все по-другому.",0.248,,"Хаха Менин тажрыйбамда мындай эмес, бирок АКШда башкача болот окшойт","Менин тажрыйбамдан андай эмес, бирок Кошмо Штаттарда башкача го дейм",0.258,"Менин тажрыйбамда мындай эмес, бирок Кошмо Штаттарда башкача го дейм",0.256,"Хаха Менин тажрыйбамда мындай эмес, бирок Кошмо Штаттарда башкача го дейм",0.246,"Менин тажрыйбамдан андай эмес, бирок Кошмо Штаттарда башкача го дейм.",0.239,,
ed85eg7,disgust,That explains an awful lot about ICP.,Многое объясняет про ICP.,Это объясняет очень многое в МКП.,0.263,Это объясняет очень многое в МКК.,0.25,Это объясняет очень многое в МЦП.,0.244,Это объясняет очень многое в МКВ.,0.243,,Бул ICP жөнүндө абдан көп нерсени түшүндүрөт.,Бул болсо МКК жөнүндө өтө көп нерсени түшүндүрөт.,0.252,Бул болсо МКК жөнүндө бир топ нерсени түшүндүрөт.,0.25,Бул болсо МКК жөнүндө бир топ нерселерди түшүндүрөт.,0.25,Бул болсо МКК жөнүндө көп нерсени түшүндүрөт.,0.247,,
ee9w16m,joy,i hope kawhi doesnt step foot outside its cold af today,"надеюсь кауай вообще на улицу не выходит, там дубак сегодня","Я надеюсь, что Каухи не выйдет сегодня из своего холодного аула.",0.251,"Надеюсь, Каухи сегодня не выйдет за пределы своего холодного аула.",0.25,"Я надеюсь, что Каухи не выйдет сегодня за пределы своей холодной зоны",0.25,"Я надеюсь, что Каухи не выйдет сегодня из своего холодного дома.",0.249,,"Кавхи бүгүн сыртка чыкпасын деп үмүттөнөм, бүгүн суук деген суук",Каухи бүгүн сууктан сыртка чыкпайт го деп үмүттөнөм,0.259,Каухи бүгүн сууктан сыртка бут баспайт го деп үмүттөнөм,0.251,Каухи бүгүн муздагынан сыртка чыкпайт го деп үмүттөнөм,0.25,Каухи бүгүн сууктан сыртка чыкпайт го дейм,0.241,,
eenn9ut,anger,I just say I don't know shit. I'm just a ape man on a rock.,"Я просто говорю, что нихрена не знаю. Я просто обезьяночеловек на камне.","Я просто говорю, что ничего не знаю. Я всего лишь человек-обезьяна на скале.",0.263,"Я просто говорю, что дерьмо не знаю. Я всего лишь обезьяна на скале.",0.251,"Я просто говорю, что ни хрена не знаю. Я просто человек-обезьяна на скале.",0.246,"Я просто говорю, что ни хера не знаю. Я всего лишь обезьяна-человек на скале.",0.24,,Мен жөн эле эч нерсе билбейм дейм. Мен бир таштын үстүндөгү маймыл адаммын.,Мен жөн гана ит билбейм дедим. Мен болгону аскадагы маймыл кишимин.,0.256,Мен жөн гана ит билбейм дегеним. Мен болгону аскадагы маймыл адаммын.,0.254,Мен жөн гана ит билбейм дейм. Мен болгону таш үстүндөгү маймыл адаммын.,0.248,Мен жөн гана ит билбейм дегем. Мен болгону аска үстүндөгү маймыл адаммын.,0.242,,
edj2o0u,sadness,"Oh good grief! Put it away, [NAME].","Ну господи! Убери это, [ИМЯ].","О, доброе горе! Убери это, [ИМЯ].",0.283,"О, горе хорошее! Убери это, [ИМЯ].",0.258,"О, горе доброе! Убери это, нм.",0.245,"О, горе! Убери это, на-мэ-э.",0.214,,"Оо, кудай ай! Жашыр аны, [АТ].","О, жакшы кайгы! Аны алып салчы, [АТ].",0.269,"Оо, жакшы кайгы! Муну алып салчы, [АТ].",0.257,"О, кудай ай! Муну коюп кой, [АТ].",0.24,"Капырай, чиркин ай! Аны алып кой, [АТ].",0.235,,
edhb7vy,joy,Great! I hope we can make our loan system work better,"Отлично! Надеюсь, нам удастся сделать нашу кредитную систему лучше","Прекрасно! Надеюсь, мы сможем сделать нашу систему кредитования более эффективной.",0.266,"Здорово! Я надеюсь, что мы сможем сделать нашу систему кредитования более эффективной.",0.255,"Великолепно! Я надеюсь, мы сможем сделать нашу систему кредитования более эффективной.",0.244,"Здорово... Я надеюсь, что мы сможем сделать нашу систему кредитования лучше.",0.234,,Жакшы! Биздин насыя системабызды жакшыраак иштете алабыз деп үмүттөнөм,Абдан сонун! Биздин насыялоо системасын жакшыраак иштете алабыз деп үмүттөнөм.,0.265,Абдан сонун экен! Биздин насыя берүү системасын жакшыраак иштете алабыз деп үмүттөнөм.,0.262,Эң сонун экен! Насыя берүү системабызды жакшыраак иштете алабыз деп үмүттөнөм.,0.241,Сонун экен! Биздин насыялоо системабызды жакшыраак иштете алабыз деп үмүттөнөм.,0.231,,
ed4hcsf,fear,Oh true I remember seeing it on Spotify’s charts for weeks. It’s terrible.,"О да точно, я помню, это висело в чартах Спотифая неделями. Жуть какая-то.","О, верно, я помню, как неделями видел это в чартах Spotify. Это ужасно.",0.319,"О да, я помню, как неделями видел это в чартах Spotify. Это ужасно...",0.241,"Ах да, я помню, как неделями видел это в чартах Spotify. Это ужас.",0.236,"Правда, я помню, как неделями видел это в чартах Spotify. Оно ужасное.",0.204,,"Ой, чын, аны Spotifyдин чарттарында жумалар бою көргөнүм эсимде. Жаман экен.","Ырас эле, мен аны жумалап бою Spotify чарттарында көргөнүм эсимде. Бул абдан жаман.",0.264,"Ырас эле, мен аны жумалап бою Spotifyнын чарттарында көргөнүм эсимде. Бул абдан жаман көрүнүш.",0.259,"Ырас эле, мен аны жумалап бою Spotify'дын чарттарында көргөнүм эсимде. Бул абдан жаман нерсе.",0.246,"Ырас эле, мен аны жумалап бою Spotify чарттарында көргөнүм эсимде калыптыр. Бул аябай жаман.",0.23,,
edbwmhc,anger,I still think we didn't give the guy a fair shot to coach.,"Я всё равно думаю, что мы не дали парню нормального шанса поработать тренером.","Я все еще думаю, что мы не дали парню честного шанса тренировать.",0.256,"Я до сих пор думаю, что мы не дали парню честного шанса тренировать.",0.253,"Я всё ещё думаю, что мы не дали парню честного шанса тренировать.",0.247,"Я до сих пор думаю, что мы не дали парню честного шанса тренироваться.",0.244,,"Мен дагы эле ойлойм, биз ага машыктыруучу катары адилеттүү мүмкүнчүлүк берген жокпуз.",Мен дагы эле жигитти машыктырууга акыйкат мүмкүнчүлүк бербедик деп ойлойм.,0.254,Мен дагы эле жигитти машыктырууга адилеттүү мүмкүнчүлүк бербедик деп ойлойм.,0.25,Мен дагы эле биз ага машыктырууга адилеттүү мүмкүнчүлүк бербедик деп ойлойм.,0.249,Мен дагы эле биз машыктыруучуга адилеттүү мүмкүнчүлүк бербедик деп ойлойм.,0.248,,
ee8g30j,surprise,That's awful. also i think I just realized why I have so much trouble finishing the last bite of food. I get all anxious about it.,"Это ужасно. ещё я кажется только что понял(а), почему мне так тяжело доесть последний кусочек еды. я начинаю из-за этого тревожиться.","Это ужасно... Также я думаю, что только сейчас понял, почему мне так трудно доесть последний кусочек еды. Я начинаю волноваться из-за этого.",0.269,"Это ужасно. Также, я думаю, я только сейчас понял, почему мне так трудно доесть последний кусочек еды. Меня это сильно беспокоит.",0.256,"Что за ужас. Также я думаю, что только сейчас понял, почему мне так трудно доесть последний кусок еды. Я начинаю волноваться по этому поводу.",0.24,"Вот это ужасно. Также, я думаю, я только сейчас понял, почему мне так трудно доесть последний кусок еды. Меня это совсем беспокоит.",0.235,,Бул жаман. ошондой эле эмнеге тамактын акыркы кесимин жей албай кыйналарымды эми гана түшүндүм окшойт. Мен андан тынчсызданып кетем.,Бул кандай шумдук. Ошондой эле акыркы тиштеген тамагымды да жебей кыйналып жатканымдын себебин эми түшүндүм окшойт. Мен буга аябай тынчсызданып кетем.,0.262,"Бул абдан жаман. Ошондой эле, мен акыркы тиштеген тамагымды жей албай эмне үчүн мынчалык кыйналып жатканымды да эми түшүндүм окшойт. Мен ал жөнүндө аябай тынчсызданып кетем.",0.259,"Бул абдан жаман нерсе. Ошондой эле, мен акыркы тиштеген тамагымды жей албай эмне үчүн мынчалык кыйналып жатканымды эми түшүндүм окшойт. Мен буга аябай тынчсыздана түшөм.",0.246,Бул өтө жаман. Ошондой эле мен акыркы тиштеген тамагымды жей албай эмне үчүн мынчалык кыйналып жатканымды эми түшүндүм окшойт. Мен ал жөнүндө аябай тынчсыздана берем.,0.233,,
ed5m6ii,fear,"[NAME] no, these are horrid on anyone.","[ИМЯ] нет, это ужасно смотрится на всех без исключения.","[ИМЯ] нет, на всех они ужасны.",0.256,"[ИМЯ] нет, это жутко для всех.",0.254,"[ИМЯ] нет, это для всех ужас.",0.245,"[ИМЯ] нет, на всех это ужасно.",0.244,,"[АТ] жок, булар эч кимге жараша бербейт.","[АТ] жок, булар кимге болсо да жаман көрүнөт.",0.254,"[АТ] Жок, булар кимге болсо да жаман көрүнөт.",0.253,"[АТ] жок, булар кимге болсо да жаман.",0.248,"[АТ] Жок, булар кимге болсо да жаман.",0.245,,
eeohv3v,anger,so abused...,такое издевательство...,Так изнасилован...,0.259,так изнасилован...,0.258,Так изнасиловали...,0.25,настолько изнасилован...,0.233,,ушунчалык кордолгон...,Ушунчалык кордолуп...,0.287,Ушунчалык кордук көргөн...,0.263,Ушунчалык кордук көрүп...,0.229,Ушунчалык кордук көрүшкөн...,0.22,,
ed4bf6i,fear,"Yeah that’s one of the things I’m most worried about, still hopeful!","Да, это одна из вещей, о которых я больше всего беспокоюсь, но я всё равно надеюсь!","Да, это одна из вещей, о которой я больше всего беспокоюсь, всё ещё полная надежды!",0.251,"Да, это одна из вещей, о которой я больше всего беспокоюсь, все еще полная надежды!",0.251,"Да, это одна из вещей, которая меня беспокоит больше всего, все еще полная надежды!",0.249,"Да, это одна из вещей, которая меня больше всего беспокоит, всё ещё полная надежды!",0.248,,"Ооба, бул мени эң көп тынчсыздандырган нерселердин бири, дагы эле үмүттүмүн!","Ооба, бул менин эң көп тынчсызданган нерселеримдин бири, дагы эле үмүттүүмүн!",0.263,"Ооба, бул менин эң көп тынчсызданган нерселеримдин бири, дагы деле үмүттүүмүн!",0.253,"Ооба, мен эң көп тынчсызданган нерселердин бири ушул, дагы эле үмүттүүмүн!",0.25,"Ооба, бул менин эң көп тынчсызданган нерселеримдин бири, дагы эле үмүттүү!",0.234,,
edc0h4a,sadness,That's a really good one too. I am pretty upset to learn how limited my vocabulary is,"Это тоже очень крутой вариант. Я реально расстроился, когда узнал, насколько у меня ограниченный словарный запас","Это тоже очень хороший. Я довольно расстроен, узнав, насколько ограничен мой словарный запас.",0.26,"Это тоже очень хорошая история. Я довольно расстроен, узнав, насколько ограничен мой словарный запас...",0.256,"Этот тоже очень хороший. Я очень расстроен, узнав, насколько ограничен мой словарный запас.",0.247,"Это тоже очень хорошее. Я довольно расстроен, узнав, насколько ограничен мой словарный запас",0.237,,"Бул да абдан жакшы. Менин сөздүк байлыгым канчалык чектелүү экенин билип, абдан капаландым","Бул дагы абдан жакшы. Мен өзүмдүн сөз байлыгымдын канчалык чектелүү экенин билип, бир топ капа болуп турам.",0.26,"Анысы да абдан жакшы экен. Мен өзүмдүн сөз байлыгымдын канчалык чектелүү экендигин билип, бир топ капа болуп турам.",0.252,"Анысы да абдан жакшы. Мен өзүмдүн сөз байлыгымдын канчалык чектелүү экенин билип, бир топ капамын.",0.249,"Мунусу да абдан жакшы. Мен өзүмдүн сөз байлыгымдын канчалык чектелүү экенин билип, бир топ капа болуп жүрөм.",0.239,,
ed22j2a,disgust,I'm sorry. That's awful,Мне жаль. Это ужасно,Прости меня... Прости... Это ужасно.,0.293,"Прости, я... Это ужасно...",0.267,Прости меня... Это ужасно,0.224,Прости меня... прости... Это ужас...,0.216,,Кечирем. Бул коркунучтуу.,Мен кечирим сурайм. Бул кандай шумдук.,0.286,Кечирип койгула. Бул абдан жаман нерсе.,0.251,Кечирип койгулачы. Бул кандай шумдуктуу.,0.238,Кечиресиз. Бул кандай шумдук...,0.225,,
ef0vd27,disgust,"Just gonna be mean here, those are all hideous :(","Ладно, скажу по-злому — все они уродские :(","Просто буду здесь подлым, они все ужасны:",0.26,"Просто буду здесь жесток, они все ужасны:",0.259,"Просто буду здесь подлым, они все ужасные:",0.24,"Просто буду здесь подлым, они все уродливые:",0.24,,"Мында ачык айтайын, булардын баары жаман көрүнөт :(","Жөн эле мында жамандай берейинби, тигилердин баары жийиркеничтүү экен:",0.255,"Жөн эле мында жамандай берейинби, тигилердин баары жийиркеничтүү го:",0.253,"Жөн эле мында жамандай берейинби, тигилердин баары жийиркеничтүү:",0.246,"Жөн эле мында жамандай берейинби, тигилердин баары жийиркеничтүү да:",0.246,,
ed6u9o5,sadness,Umm Hmmm. Too bad [NAME] can't be reached via Ouija Board. People really need his help.,"Умм, хмм. Жаль, [ИМЯ] нельзя вызвать через доску Уиджа. Люди реально нуждаются в его помощи.","Хм... Хмм. Жаль, что на [ИМЯ] нельзя дозвониться через Доску-Оуйджу. Людям действительно нужна его помощь.",0.273,"Хмм... Хм. Жаль, что на [ИМЯ] нельзя дозвониться через Доску-Оуйчу. Люди действительно нуждаются в его помощи.",0.261,"Хм... Хм. Жаль, что на [ИМЯ] нельзя дозвониться через доску-ауичу. Народ действительно нуждается в его помощи.",0.235,"Хм... Хмм... Жаль, что на [ИМЯ] нельзя дозвониться через Доску-Оужи. Народу действительно нужна его помощь.",0.231,,"Уу, ооба. Жаман болду, [АТ]га уижа тактасы аркылуу жетүү мүмкүн эмес. Адамдар чынында эле анын жардамына зар.","Хммм, ыя. Өтө өкүнүчтүү, [АТ] Оюжа тактасы аркылуу жетүүгө мүмкүн эмес. Элге анын жардамы чындап керек.",0.272,"Хммм. Өтө өкүнүчтүү, [АТ] Оуйжа тактасы аркылуу жетүүгө мүмкүн эмес. Элге анын жардамы чындап керек болуп жатат.",0.257,"Хммм, ыя? Өтө өкүнүчтүү, [АТ] Оюжа тактасы аркылуу жетүүгө болбойт. Элге анын жардамы чындыгында керек.",0.237,"Хммм Хм. Өтө өкүнүчтүү, [АТ] Оуйжа тактасы аркылуу жетүүгө болбойт. Элге анын жардамы чындап керек болуп турат.",0.234,,
ef64yhq,disgust,Stop being disgusting. I dont know if you know this but all dogs are naked.,"Перестань быть таким отвратительным. Не знаю, в курсе ли ты, но все собаки голые.","Перестань быть отвратительным. Не знаю, знаешь ли ты это, но все собаки голые.",0.286,"Прекрати быть отвратительным. Не знаю, знаешь ли ты это, но все собаки голы.",0.245,"Перестань быть отвратительной. Не знаю, знаешь ли ты, но все собаки голые.",0.24,"Перестань быть отталкивающим. Не знаю, знаете ли вы это, но все собаки голые.",0.23,,Жийиркеничтүү болуунду токтот. Билесиңби же жокпу — бардык иттер жылаңач болот.,"Сен жийиркеничтүү болбой эле койчу. Сиз муну билесизби, билбейм, бирок иттердин баары жылаңач.",0.263,"Жийиркеничтүү болбой эле койчу. Сиз муну билесизби билбейм, бирок иттердин баары жылаңач.",0.256,"Сен жийиркеничтүү болбосоңчу. Сиз муну билесизби, билбейм, бирок иттердин бардыгы жылаңач.",0.245,"Итиркек кылганды токтот. Сиз билесизби, билбейм, бирок иттердин баары жылаңач.",0.236,,
ef7btjf,sadness,I also relate (and regret),Я тоже (и сожалею),Я также отношусь к этому с сожалением:,0.255,Я также рассказываю и сожалею...,0.251,Я также рассказываю... и сожалею...,0.25,Я также отношусь к этому с сожалением...,0.244,,Мен да түшүнөм (жана өкүнөм),Мен дагы айтам жана өкүнөмүн,0.277,"Мен ошондой эле айтарым,",0.245,"Мен дагы айтарым,",0.243,"Мен ошондой эле айткым келет,",0.235,,
ee3dysd,fear,[NAME] and [NAME] for [NAME] then sign [NAME] afraid this battle station is fully operational,"[ИМЯ] и [ИМЯ] для [ИМЯ] потом подписывайте [ИМЯ] боюсь, эта боевая станция полностью в строю","Боюсь, эта боевая станция полностью готова к работе.",0.26,"Боюсь, эта боевая станция полностью работоспособна.",0.252,"Боюсь, эта боевая станция полностью готова к действию.",0.246,"Боюсь, что эта боевая станция полностью готова к работе.",0.242,,"[АТ] менен [АТ] [АТ] үчүн, анан [АТ] кол коюшат, бул согуш станциясы толук иштеп жатканынан корком",Бул согуш станциясы толук иштеп жатат деп корком.,0.264,Бул согуш станциясы толугу менен иштеп жатат деп корком.,0.259,Бул согуш станциясы толук иштеп жатат деп коркомун.,0.239,Бул согуш станциясы толук иштеп жатат деп коркуп жатам.,0.237,,
edrn7cs,anger,I came here for this. You and your fancy teeth filled with toxic PFAS can bite me!,"Я сюда и пришёл ради этого. Ты со своими шикарными зубами, набитыми токсичными ПФАС, можешь идти лесом!",Я пришел сюда ради этого. Ты и твои набитые токсичными ПФАС зубы можете меня укусить!,0.277,"Я пришел сюда для этого. Ты и твои роскошные зубы, набитые токсичными ПФАС, можете меня укусить!",0.248,"Я пришла сюда ради этого. Ты и твои роскошные зубы, набитые токсичным ПФАС, можете меня укусить!",0.244,Я пришел сюда именно ради этого. Ты со своими набитыми токсичными ПФАС зубами можешь меня укусить!,0.232,,Мен дал ушул үчүн келдим. Сен жана PFAS уусу менен толгон жалтыраган тиштериң мени тиштей бериңер!,Мен бул жерге ушу үчүн келдим. Сен жана сенин уулуу ПФАЗ менен толтурулган кооз тиштериң мени тиштегидей болсун!,0.255,Мен бул жерге ушуга келдим. Сен жана сенин уулуу ПФАЗ менен толтурулган кооз тиштериң мени тиштегиле!,0.252,Мен бул жерге ушулар үчүн келдим. Сен жана сенин уулуу ПФАЗ менен толтурулган кооз тиштериң мени тиштей алат!,0.249,Мен бул жакка ушуга келдим. Сен жана сенин уулуу ПФАЗ менен толтурулган кооз тиштериң мени тиштеп алсаңар болот!,0.244,,
eeizdpx,disgust,I sense no awful taste here.,Никакого ужасного вкуса тут не чувствую.,Я не чувствую здесь никакого дурного вкуса.,0.265,Я не чувствую здесь никакого ужасного вкуса.,0.26,Я не чувствую здесь никакого плохого вкуса.,0.244,Я не чувствую здесь никакого страшного вкуса.,0.231,,Мунда жаман даам сезилбейт.,Мен бул жерде жаман даамды сезбей турам.,0.26,Мен бул жерде жаман даам сезбей турам.,0.251,Мен бул жерден жаман даам сезбей турам.,0.248,Мен бул жерде жаман даамды сезбейм.,0.242,,
eez9qla,anger,"It says new, but I feel like they should call it 'used.'","Написано «новый», но по-моему надо было написать «б/у».","Там написано новое, но мне кажется, что его следует называть подержанным.",0.254,"На ней написано новое, но мне кажется, что нужно называть подержанным.",0.251,"На ней написано новое, но мне кажется, что его следует называть подержанным.",0.25,"На ней написано новое, но я думаю, что нужно называть подержанным.",0.245,,"Жаңы деп жазат, бирок ""колдонулган"" деп атаса туура болмок го.","Жаңы деп турат, бирок мен аны 'колдонулган' деп аташса болмок деп ойлойм.",0.257,"Жаңы деп жазылыптыр, бирок мен аны 'колдонулган' деп аташса болмок деп ойлойм.",0.252,"Жаңы деп турат, бирок мен аны 'колдонулган' деп аташ керек деп ойлойм.",0.25,"Жаңы деп жазылыптыр, бирок мен аны 'колдонулган' деп аташса жакшыраак болот деп ойлойм.",0.241,,
ed12jnn,disgust,It’s disgusting,Это отвратительно,Это отвратительно.,0.298,Это отвратительно...,0.263,Это отвратительно,0.224,Это просто отвратительно.,0.215,,Жийиркеничтүү,Бул жийиркеничтүү.,0.262,Бул жийиркеничтүү нерсе.,0.256,Бул жийиркеничтүү көрүнүш.,0.249,Бул жийиркеничтүү,0.233,,
eegvp8x,fear,He said this awhile ago. His splits away from coors scares me.,Он говорил об этом ещё давно. Его отход от Coors меня пугает.,Он сказал это некоторое время назад. Его отход от корсов меня пугает.,0.288,Он сказал это не так давно. Его отступление от корсов меня пугает.,0.251,Он сказал это немного назад. Его отклонение от корсов меня пугает.,0.234,Он сказал это совсем недавно. Его отклонение от корса меня пугает.,0.226,,Ал муну бир топ мурун айтты. Анын Coors'тон ажырашы мени коркутат.,Ал муну бир аз мурун айткан. Анын корлордон бөлүнүп кетиши мени коркутат.,0.259,Ал муну бир аз мурун айткан эле. Анын корстон бөлүнүп кетиши мени коркутат.,0.256,Муну ал бир аз мурун айткан. Анын курдан бөлүнүп кетиши мени коркутат.,0.248,Муну ал бир аз мурун айткан эле. Анын корстон бөлүнүшү мени коркутат.,0.238,,
eewiqv8,anger,this is so niche but i still felt that shit in my bones,"это такая узкая тема, но я всё равно почувствовал это дерьмо до мозга костей","Это так ничтожно, но я все еще чувствовал это дерьмо в своих костях.",0.252,"Это так ничтожно, но я все еще чувствовал это дерьмо в костях.",0.251,"Это так ничтожно, но я всё равно чувствовал это дерьмо в костях.",0.25,"Это такая ниша, но я всё равно чувствовал это дерьмо в костях.",0.247,,"бул абдан тар тема, бирок мен буну сөөккө чейин сездим","Бул ушунчалык нишелик, бирок мен дагы эле сөөктөрүмдөгү андайды сездим.",0.253,"Бул ушунчалык нишелик, бирок мен дагы эле сөөктөрүмдөгү андайды сездим",0.25,"Бул ушунчалык нишелик, бирок мен дагы эле сөөгүмдөгү ал ышты сездим.",0.248,"Бул ушунчалык нишелик, бирок мен дагы эле сөөктөрүмдө ошол ышты сездим",0.248,,
eercauq,sadness,Poor crack baby 😥,Бедный крэковый малыш 😥,Бедный крековый ребенок ,0.262,Бедный ребёнок-крэк ,0.255,Бедный ребенок-кракер ,0.243,Бедный ребёнок-крейк ,0.24,,Бечара крек наристе 😥,Байкуш крэк бөбөгү ,0.256,Байкуш крек бөбөгү ,0.254,Байкуш крек бала ,0.247,Байкуш кректин баласы ,0.244,,
edzlp7j,anger,Uhh...weird flex but ok?,"Эм... странный понт, ну ок?","Ух... странная флексия, но ладно?",0.256,"Ух... странная флексия, но все в порядке?",0.252,"Ухх... странный флекс, но все в порядке?",0.247,"Ухх... странная флексия, но все в порядке?",0.245,,"Уу... странный флекс, бирок окей?","Ухх... кызыктай ийилүү, бирок макулбу?",0.263,"Үхх... кызыктай ийилүү, бирок макулбу?",0.246,Ухх... кызыктай ийилүү бирок макулбу?,0.246,"Өөх... кызыктай ийилүү, бирок макулбу?",0.245,,
eedsd0d,joy,"I'm a university student and even though I have a job, I'm going to find out about this at school. Thanks for the tip!!","Я студент(ка) универа, и хотя у меня есть работа, разберусь с этим через учёбу. Спасибо за наводку!!","Я студент университета, и хотя у меня есть работа, я собираюсь узнать об этом в школе. Спасибо за совет!",0.295,"Я студент университета и, хотя у меня есть работа, я собираюсь узнать об этом в школе. Спасибо за подсказку!",0.253,"Я студент университета, и хотя у меня есть работа, я собираюсь выяснить об этом в школе. Спасибо за наводку!",0.241,"Я студент университета и, хотя у меня и есть работа, я собираюсь узнать об этом в школе. Спасибо за наперсток!",0.212,,"Мен университет студентимин, жумушум болсо да, университетте бул жөнүндө билип алам. Кеңешиң үчүн чоң рахмат!!","Мен университеттин студентимин жана жумушум болсо да, бул жөнүндө мектептен билип алам. Накыл үчүн рахмат!",0.261,"Мен университеттин студентимин жана жумушум болсо да, бул тууралуу мектептен билип алам. Билдирүү үчүн рахмат!",0.256,"Мен университеттин студентимин жана жумушум бар болсо да, бул жөнүндө мектептен билип алам. Кеңеш үчүн рахмат!",0.243,"Мен университеттин студентимин жана жумушум бар болсо да, бул тууралуу мектептен билип алам. Кеңешке рахмат!",0.24,,
edbe4la,fear,I find sativa makes me paranoid/anxious as hell. Indica calms me down more. Smoking too much of any strain makes me anxious by time though,"Замечаю, что сатива делает меня параноидным/тревожным — жуть как. Индика успокаивает получше. Хотя если слишком много курить любого сорта, со временем всё равно начинаешь нервничать.","Я считаю, что сатива вызывает у меня адское чувство тревожности и паранойи. Индика меня больше успокаивает. Курение слишком большого количества любого сорта заставляет меня волноваться по поводу времени.",0.26,"Я считаю, что сатива вызывает у меня адские страхи и тревоги. Индика успокаивает меня больше. Курение слишком большого количества любого сорта заставляет меня волноваться по времени.",0.258,"Я считаю, что сатива вызывает у меня адские страхи. Индика меня успокаивает больше. Курение слишком большого количества любого сорта заставляет меня волноваться по времени, хотя...",0.251,"Я считаю, что сатива вызывает у меня адские страхи и тревогу. Индика больше успокаивает меня. Курение слишком большого количества любого сорта заставляет меня волноваться по времени, однако...",0.231,,"Менин байкоомдо, сатива мени параноид/ой-жайымды жоготот. Индика бир аз тынчтандырат. Бирок каалаган сортту өтө көп чеккенде убакыт өтсө тынчсыздандыра баштайт.",Мен сатива мени жиндидей паранойялуу жана тынчсыздандырат деп ойлойм. Индика мени көбүрөөк тынчтандырат. Тамекини көп чегүү мени убакытка карай тынчсыздандырат.,0.265,Мен сатива мени жиндидей паранойялуу жана тынчсыздануучу кылат деп ойлойм. Индика мени көбүрөөк тынчтантат. Тамекини көп чегүү мени убакытка карай тынчсыздандырат,0.256,Мен сатива мени жиндидей паранойялуу жана тынчсыздануучу кылып коёт деп ойлойм. Индика мени көбүрөөк тынчтандырып турат. Тамекини көп чегүү мени убакытка тынчсыздандырат.,0.24,Мен сатива мени жиндидей паранойялуу жана тынчсызданычтуу кылат деп ойлойм. Индика мени көбүрөөк тынчытат. Тамекини көп чегүү мени убакытка карай кооптондурат.,0.239,,
edqtpnk,surprise,"All that shows is them loaning money when Liverpool make losses, which seems to have happened more than any of us realised. We don't make a loss","Это лишь показывает, что они давали в долг, когда у Ливерпуля были убытки — похоже, это случалось чаще, чем кто-либо из нас думал. У нас убытков нет","Всё это показывает, что они дают деньги в долг, когда ""Ливерпуль"" терпит убытки, что, кажется, произошло больше, чем кто-либо из нас осознавал. Мы не делаем убытков.",0.264,"Всё это показывает, что они дают деньги в долг, когда ""Ливерпуль"" терпит убытки, что, похоже, произошло больше, чем кто-либо из нас осознавал. Мы не делаем убытков",0.252,"Всё, что это показывает  это то, что они дают деньги в долг, когда ""Ливерпуль"" терпит убытки, что, кажется, произошло больше, чем кто-либо из нас осознавал. Мы не будем делать убытков.",0.244,"Всё, что это показывает  это то, что они дают деньги в долг, когда ""Ливерпуль"" терпит убытки, что, кажется, произошло больше, чем кто-либо из нас предполагал. Мы не будем иметь убытков.",0.24,,"Бул жөн гана алардың Ливерпул зыян тарткан кезде карыз берип жаткандыгын көрсөтөт, бул биздин эч кайсыбыз ойлогондон да көп болгон сыяктуу. Биз зыян тартпайбыз.","Бардыгы Ливерпуль жоготууларга учураганда акча берип турушканын көрсөтөт, бул болсо эч кимибиз ойлогондон да көп болуп калды окшойт. Биз зыян тартпайбыз.",0.263,"Бардыгы Ливерпуль жоготууларга учураганда акча берип турушканын көрсөтөт, бул болсо эч кимибиз ойлогондон да көбүрөөк болуп калды окшойт. Биз зыян тартпайбыз",0.255,"Бардыгы Ливерпуль жоготууларга учураганда акча берип турушканын көрсөтөт, бул болсо эч кимибиз ойлогондон да көп болгон сыяктуу. Биз жоготуу кылбайбыз.",0.243,"Бардыгы Ливерпуль жоготууларга учураганда акча берип турушканын көрсөтөт, бул болсо эч кимибиз ойлогондон да көбүрөөк болгон сыяктуу. Биз чыгым кылбайбыз.",0.239,,
eebz5iw,joy,I love it. She really snapped.,Обожаю. Она реально порвала.,Я это обожаю. Она действительно вздрогнула.,0.276,Обожаю это место. Она действительно взбесилась.,0.251,Мне это нравится. Она совсем вздрогнула.,0.245,Я это обожаю... Она совсем взбесилась.,0.228,,Мага абдан жакты. Ал чынында эле жарылды.,Мен аны жакшы көрөмүн. Ал чындап эле тырчый түштү.,0.265,Мен аны жакшы көрөм. Ал чындап эле тырс этип кетти.,0.255,Мен аны сүйөмүн. Анын чыны менен эле эси чыгып кетти.,0.242,Мага аябай жагат. Анын чыны менен эле жини келди.,0.239,,
edv5fb4,surprise,Thats who I thought it was too😂,Я тоже так и подумал😂,"Я тоже думал, что это он.",0.261,Этого я тоже и думал.,0.252,"Я тоже так думал, что это он.",0.248,"Я тоже думал, что это он😂",0.239,,Мен да ошол деп ойлогом😂,Аны мен да ошондой деп ойлогом😂,0.256,Аны мен да ошондой деп ойлогом го😂,0.25,Мен да ошону ойлоптурмун го дегем😂,0.249,Мен да ошону ойлогом го дейм😂,0.245,,
edp6qsw,joy,"Not one single figure anywhere to be seen. Reminds me of auld Soviet propaganda. ""The harvest is up"" ""People happier than ever""","Ни единой цифры нигде не видно. Напоминает мне старую советскую пропаганду. «Урожай вырос» «Люди счастливее, чем когда-либо»","Нигде не было видно ни одной фигуры. Напоминает мне старую советскую пропаганду. Жатва поднялась, люди счастливее, чем когда-либо.",0.261,"Нигде не было видно ни единой фигуры. Напоминает мне старую советскую пропаганду. Жатва поднялась, люди счастливее, чем когда-либо...",0.253,"Нигде не видно ни одной фигуры. Напоминает мне старинную советскую пропаганду. Жатва поднялась, народ счастливее, чем когда-либо.",0.246,"Ни одной фигуры нигде не видно. Это напоминает мне старую советскую пропаганду. Жатва поднялась, народ счастливее, чем когда-либо...",0.24,,"Эч жерде бир да цифра жок. Эски Совет пропагандасын эстетет. ""Эгин өстү"" ""Эл эч качан мынчалык бактылуу болгон эмес""","Бир да караан көрүнбөйт. Бул мага эски советтик пропаганданы эске салат. Түшүм жыйнай баштады, Эл болуп көрбөгөндөй жыргады.",0.256,"Эч бир жерде бир да караан көрүнбөйт. Мага эски советтик пропаганданы эске салат. Түшүм жыйнай баштады, Эл болуп көрбөгөндөй сүйүндү.",0.255,"Эч бир жерден бир да караан көрүнбөйт. Эски советтик пропаганданы эске салат. Түшүм жыйнай баштады, Адамдар болуп көрбөгөндөй жыргады.",0.247,"Бир да киши көрүнбөйт. Мага эски советтик пропаганданы элестетет. Түшүм жыйнай баштады, Эл болуп көрбөгөндөй жыргап калды.",0.242,,
ef560j9,fear,[NAME] has gotta he replaced or that was just terrible writing,"[ИМЯ] надо заменить, или сценарий был просто ужасным","Должно быть, он заменил [ИМЯ] или это было просто ужасно написано",0.264,"Должно быть, он заменил [ИМЯ] или это было просто ужасным написанием",0.249,"Должно быть, он заменил [ИМЯ], или это было просто ужасно написано",0.244,"Должно быть, он заменил [ИМЯ] или это было просто ужасно написано.",0.243,,"[АТ]ты алмаштыруу керек, же ал жөн эле жаман жазылган болчу",[АТ] алмаштырышы керек болдубу же жөн эле жаман жазганбы,0.255,[АТ] алмаштырышы керек болдубу же жөн эле жаман жазыштыбы,0.249,[АТ] алмаштырды го же жөн эле жаман жазганбы,0.249,[АТ] алмаштырышы керек же жөн эле жаман жазганбы,0.246,,
edk5o03,sadness,Sorry to be the bearer of bad tidings.,"Извини, что приходится быть вестником дурных новостей.","Простите, что я вестник плохих вестей.",0.256,"Извините, что я вестник плохих вестей.",0.252,"Прости, что я вестник плохих вестей.",0.251,"Извини, что я вестник плохих вестей.",0.241,,Жаман кабар алып келгениме кечир.,Жаман кабардын алып жүрүүчүсү болгонума өкүнөм.,0.254,Жаман кабардын алып жүрүүчүсү болгонум үчүн кечирип кой.,0.251,Жаман кабардын алып жүрүүчүсү болгонум үчүн кечирип койгула.,0.248,Жаман кабардын алып баруучусу болгонума өкүнөм.,0.247,,
ed2e00i,fear,The thought of shooting anything at asylum seekers is appalling.,"Сама мысль о том, чтобы стрелять чем-либо в искателей убежища, — это отвратительно.","Мысль о том, чтобы стрелять во что угодно в просителей убежища, ужасна.",0.252,"Мысль о том, чтобы стрелять во что угодно в просителей убежища, ужасает.",0.251,"Мысль о том, чтобы стрелять в кого угодно из числа просителей убежища, ужасает.",0.248,"Мысль о том, чтобы стрелять в кого угодно в просителей убежища, ужасна.",0.248,,Качкындарга каршы эмнеге болсо ок атуу жөнүндөгү ой жийиркентет.,Башпаанек сурагандардын үстүнөн ок атуунун өзү үрөй учурарлык нерсе.,0.253,Башпаанек сурагандардын үстүнөн ок атуунун өзү эле үрөй учурарлык.,0.251,Башпаанек сураган адамдарга ок атуунун өзү эле үрөй учурарлык.,0.248,Башпаанек сурагандардын үстүнөн ок атуунун өзү үрөй учурарлык.,0.248,,
ed9xljw,sadness,I was so sad when they took SG1 off of Netflix. I guess it’s on Prime now? I need to rewatch that show.,"Я так расстроилась, когда убрали ЗГ-1 с Нетфликса. Кажется, теперь он на Прайме? Надо пересмотреть этот сериал.","Мне было так грустно, когда снимали SG1 с Нетфликса. Полагаю, сейчас на Прайме? Мне нужно пересмотреть это шоу.",0.267,"Мне было так грустно, когда снимали SG1 с Нетфликса. Видимо, сейчас на Прайме? Мне нужно пересмотреть то шоу.",0.251,"Мне было так грустно, когда они сняли SG1 с Нетфликса. Полагаю, теперь это на Прайме? Мне нужно пересмотреть эту передачу.",0.243,"Я так расстроилась, когда снимали SG1 с Нетфликса. Видимо, теперь на Прайме? Мне нужно пересмотреть ту передачу.",0.239,,SG1ди Netflixтен алып салганда абдан кайгырдым. Азыр Primeда болсо керек? Ошол сериалды кайта карап чыгышым керек.,"Алар ""СГ1""ди Нетфликсинен алып салганда аябай капа болдум. Мен ойлойм, азыр ал Праймда го? Мен ал шоуну кайра көрүшүм керек.",0.256,"Алар ""СГ1""ди Нетфликсинен алып салганда мен аябай капа болдум. Мен ойлойм, азыр ал Праймда? Мен ал көрсөтүүнү кайра көрүшүм керек.",0.251,"Алар ""СГ1"" тасмасын Нетфликсинен алып салганда мен аябай капа болдум. Мен ойлойм, азыр ал Прайм мененби? Мен ал сериалды кайра көрүшүм керек.",0.25,"Алар ""СГ1"" тасмасын Нетфликсинен алып салганда аябай капа болдум. Мен ойлойм азыр ал Праймда? Мен ал сериалды кайтадан көрүшүм керек.",0.242,,
eeppb46,joy,"212/62 actually, lol. Good to know it's a metro-wide issue!","На самом деле 212/62, лол. Приятно знать, что проблема по всему метро!","Вообще-то, это было в январе-декабре, лол. Хорошо знать, что это проблема всего метрополитена!",0.259,"Вообще-то, это было в январе-декабре '62, лол. Хорошо знать, что это проблема всей метрополии!",0.252,"Вообще-то, это было в январе-декабре, да? Хорошо знать, что это проблема для всего метрополитена!",0.245,"Вообще-то, это было в январе-декабре, да. Хорошо знать, что это проблема всего метро!",0.244,,"Чынында 212/62, лол. Бул метро боюнча жалпы маселе экени жакшы!","Чындыгында алганда, лол. Мунун бүткүл метрополитендик маселе экенин билүү жакшы!",0.273,"Чындыгында эле, лол. Бул жалпы метрополитендик маселе экенин билүү жакшы!",0.259,"Чындыгында алганда, күлүк. Мунун бүткүл метрополиялык маселе экенин билүү жакшы!",0.237,"Чындыгында алганда, лолл. Мунун бүткүл метрополиялык маселени билүү жакшы!",0.231,,
edj65i1,surprise,I totally read that wrong and was about to shout COLBY 2012,Я совсем неправильно это прочитал и чуть не заорал КОЛБИ 2012,"Я абсолютно неправильно это прочитал и собирался крикнуть: ""Колби, вперёд!""...",0.27,"Я абсолютно неправильно это прочитал и собирался крикнуть: ""Колби, вперёд!""",0.266,"Я абсолютно неправильно это прочитал и собирался крикнуть ""Колби, вперёд, вперед, крепко держись"".",0.232,"Я абсолютно неправильно это прочитал и собирался крикнуть ""Колби, вперёд, вперед, крепко"".",0.232,,"Мен аны такыр туура эмес окудум да, КОЛБИ 2012 деп кыйкыра жаздадым.","Мен муну таптакыр туура эмес окуп алып, ""Колби"" деп кыйкырайын деп жаткам.",0.257,"Мен муну таптакыр туура эмес окуп алып, ""Колби"" деп кыйкырып жибере жаздадым.",0.255,"Мен муну таптакыр туура эмес окуп алып, ""Колби"" деп кыйкырып жибере жаздадым эле.",0.246,"Мен муну таптакыр туура эмес окуп алып, ""Колби"" деп кыйкырып жибере жаздагам.",0.243,,
eeu33cz,sadness,Ain’t nothin good enough for her,Ей вечно всё не так.,Нет ничего достаточно хорошего для нее.,0.261,Нет ничего для нее достаточно хорошего.,0.255,Нет ничего достаточно хорошего для нее,0.247,Ей ничто не подходит...,0.237,,Ага эч нерсе жетишпейт.,Анчалык жакшы эчтеке жок ага,0.272,Анчалык жакшы эчтеке жок ага.,0.249,Анчалык эчтеке жакшы эмес ага,0.24,"Анчалык жакшы эчтеке жок, ага",0.239,,
edb492j,fear,They're so scared,Они так напуганы,Они так напуганы...,0.279,Они так испугались...,0.254,Они так напуганы.,0.234,Они так испуганы...,0.233,,Алар абдан коркуп жатышат.,Алар аябай коркуп турушат.,0.264,Алар аябай коркуп жатышат.,0.251,Алар ушунчалык коркуп турушат.,0.243,Алар аябай коркуп калышты.,0.242,,
eeauuo3,joy,"Here for [NAME], love this.","Пришёл ради [ИМЯ], обожаю.","Вот для [ИМЯ], люби это.",0.266,"Вот для [ИМЯ], обожаю это.",0.265,"Вот для [ИМЯ], обожаю это.",0.242,"Вот это для [ИМЯ], обожаю это.",0.227,,"[АТ] үчүн келдим, муну жакшы көрөм.","Бул жерде, [АТ] үчүн, жакшы көрүңүз.",0.255,"Бул болсо, [АТ] үчүн, жакшы көргүлө.",0.254,"Бул жерде, [АТ] үчүн, муну жакшы көрүңүз.",0.251,"Бул жерде, [АТ] үчүн сүйгүлө.",0.241,,
edvdy44,fear,Threatening to drive your sisters into the ocean is illegal. It's called making a terroristic threat or menacing and can cause her to lose access to your sisters,"Угрожать сёстрам вывезти их в океан — это незаконно. Это называется террористической угрозой или запугиванием, и из-за этого она может потерять доступ к твоим сёстрам.","Угрожать погнать твоих сестер в океан  незаконно. Это называется совершением террористической угрозы или запугивания и может привести к тому, что она потеряет доступ к твоим сестрам.",0.253,"Угрожать сбросить твоих сестер в океан  незаконно. Это называется совершением террористической угрозы или запугиванием, и это может привести к тому, что она потеряет доступ к твоим сестрам.",0.25,"Угрожать погнать твоих сестер в океан незаконно. Это называется совершением террористической угрозы или запугиванием, и может привести к тому, что она потеряет доступ к твоим сестрам.",0.248,"Угрожать погнать твоих сестер в океан - это незаконно. Это называется совершением террористической угрозы или угрожающим действием, и это может привести к тому, что она потеряет доступ к твоим сестрам.",0.248,,Эже-сиңдилериңди океанга айдоп кетем деп коркутуу мыйзамсыз. Бул террористтик коркутуу же коркутуп-үркүтүү деп аталат жана ал сенин эже-сиңдилериңе жетүү укугунан ажырап калышына алып келиши мүмкүн,Эжелериңди океанга айдайм деп коркутуу мыйзамсыз. Бул террористтик коркутуу же опузалоо деп аталат жана ал сиздин эжелериңиз менен болгон байланышыңызды жоготушуна алып келиши мүмкүн.,0.257,Эжелериңди океанга айдап барам деп коркутуу мыйзамсыз. Бул террористтик коркутуу же опузалоо деп аталат жана ал сиздин эжелериңиз менен болгон байланышыңызды жоготууга алып келиши мүмкүн.,0.251,Эжелериңди океанга айдап кетебиз деп коркутуу мыйзамсыз. Бул террористтик коркутуу же опузалоо деп аталат жана ал сиздин эжелериңиз менен болгон байланышыңызды жоготушуна алып келиши мүмкүн,0.247,Эжелериңди океанга айдайм деп коркутуу мыйзамсыз иш. Бул террористтик коркутуу же опузалоо деп аталат жана ал сиздин эжелериңиз менен болгон байланышыңызды жоготууга алып келиши мүмкүн,0.245,,
edzli0e,surprise,[NAME] isn’t a rocket scientist. I was surprised about the Thailand thing tbh I did expect it to be true haha.,"[ИМЯ] звёзд с неба не хватает. Честно говоря, история с Таиландом меня удивила, я вообще-то думал, что это правда хаха.","[ИМЯ]  не ракетный ученый. Я был удивлен тем, что случилось в Таиланде, ведь ожидал, что это правда, ха-ха.",0.26,"[ИМЯ]  не ракетный учёный. Я был удивлен тем, что случилось в Таиланде, хотя и ожидал, что это правда, ха-ха.",0.258,"[ИМЯ] не ракетный ученый. Я был удивлен тем, что случилось в Таиланде, хотя ожидал, что это правда, ха-ха.",0.243,"[ИМЯ]  не учёный-ракета. Я был удивлен тем, что случилось в Таиланде, ведь я ожидал, что это правда, ха-ха.",0.239,,"[АТ] ракета илимпозу эмес. Таиланд жөнүндөгү нерсеге чынымды айтсам таң калдым, мен аны чындык болот деп күткөн элем хаха.","[АТ] ракеталык илимпоз эмес. Таиланд окуясы мени таң калтырды, мен анын чын болушун күткөн элем хаха.",0.263,"[АТ] - ракеталык илимпоз эмес. Таиланд окуясы мени таң калтырды, бирок мен анын чын болушун күткөн элем хаха.",0.258,"[АТ] - ракеталык илимпоз эмес да. Таиланд окуясы мени таң калтырды, чын эле болор деп күткөн элем хаха.",0.24,"[АТ] ракеталык илимпоз эмес да. Таиланд окуясы мени таң калтырды, чын эле ошондой болот го деп күткөн элем хаха.",0.239,,
ee25bk6,joy,"Ah yes. Recursion. The backbone of Marxist theory. Glad you brought it up, chap","О да. Рекурсия. Хребет марксистской теории. Рад, что поднял эту тему, дружище","Ах да. Рекурсия. Хребет марксистской теории. Хорошо, что ты завел этот разговор, парень.",0.292,"Да, конечно. Рекурсивность. Позвоночник марксистской теории. Рада, что ты завел этот разговор, парень.",0.243,"Ах да, да. Рекурсионность. Основа марксистской теории. Хорошо, что ты завел этот вопрос, парень.",0.235,"Ах да, конечно. Повторное действие. Опоясающая основа марксистской теории. Рада, что ты завел этот вопрос, парень.",0.23,,"Ооба-ооба. Рекурсия. Марксисттик теориянын негизи. Жакшы болду, достум, эстедиң","Ырас эле. Кайталануу. Марксисттик теориянын устуну. Муну көтөрүп чыкканыңызга кубанычтамын, байке.",0.275,"А ооба. Кайталоо. Марксисттик теориянын аркасы. Муну көтөрүп чыкканыңа кубанычтамын, байке.",0.254,"Ырас эле ошондой. Кайралануу. Марксисттик теориянын аркасындагы уюткусу. Ушуну көтөрүп чыкканыңызга кубанычтамын, байке.",0.241,"А ооба, ошондой. Кайталаныш. Марксисттик теориянын жүлүгү. Ушуну көтөрүп чыкканыңа кубанычтамын, байке.",0.23,,
edbpaxt,sadness,Apologies. My point still stands. A .8% lead is an insignificant majority at best. Saying one demograohic is most of the population is a bit misleading,"Извиняюсь. Моя позиция остаётся прежней. Преимущество в 0,8% — это в лучшем случае незначительное большинство. Говорить, что одна демографическая группа составляет большую часть населения — немного вводит в заблуждение.","Прошу прощения... Моя точка все еще стоит. Лидерство в размере 0,8%  это в лучшем случае незначительное большинство. Говорить, что одна демография - это большинство населения, немного вводит в заблуждение.",0.264,"Приносим свои извинения. Моя точка зрения всё ещё стоит. Лидерство в размере 0,8%  это, в лучшем случае, незначительное большинство. Говорить, что одна демография - это большинство населения, немного вводит в заблуждение",0.254,"Приносим извинения. Моя точка зрения все еще стоит. Лидерство в размере 0,8% в лучшем случае является незначительным большинством. Говорить, что одна демографическая группа  это большинство населения, немного вводит в заблуждение.",0.246,"Приносим свои извинения... Моя мысль всё ещё стоит. Лидирование на уровне 0,8%  это в лучшем случае незначительное большинство. Говорить, что одна демографическая группа - это большинство населения, немного вводит в заблуждение.",0.236,,"Кечирим сурайм. Менин пикирим өз ордунда. 0,8%дык алдыда болуу — эң жакшы дегенде да маанисиз көпчүлүк. Бир демографияны калктын басымдуу бөлүгү деп айтуу бир аз жаңылыштырат.",Кечирим сурайбыз. Менин айтканым али да күчүндө. Отуз пайызга жетелешүү эң жакшысы маанисиз көпчүлүк болуп саналат. Бир демографиялык калктын көпчүлүгү деп айтуу бир аз жаңылтат.,0.257,Кечирим сурайм. Менин оюм дагы эле ордунда. Отуз пайызга жете келүү эң жакшысы маанисиз көпчүлүк болуп саналат. Бир демографиялык калктын көпчүлүгү деп айтуу бир аз адаштырат,0.255,Кечирим сурагыла. Менин оюм дагы эле туура. Отуз пайыздык алдыга түшүү эң жакшысы маанисиз көпчүлүк болуп саналат. Бир демографиялык калктын көпчүлүгү деп айтуу бир аз адаштырат.,0.249,Кечирим сураймын. Менин айтканым дале туура. Отуз пайызга жетелешүү эң жакшысы маанисиз көпчүлүк. Бир демографиялык калктын көпчүлүгү деп айтуу бир аз жаңылтат,0.24,,
ef8h1do,disgust,Awful taste hmmmmm,Ужасный вкус хмммм,Ужасный вкус...,0.264,Ужасный вкус... эх...,0.261,"Ужасный вкус, эх...",0.25,Отвратительный вкус...,0.225,,Жаман даам хмммм,"Аянычтуу даам экен, ым-ым.",0.265,Аянычтуу даам гой...,0.247,"Аянычтуу даам экен, ым-ум.",0.245,"Аянычтуу даам экен, ым-м.",0.243,,
eeag3tn,surprise,That's... pretty unexpected actually.,"Это... довольно неожиданно, если честно.",Это... это... Вообще довольно неожиданно.,0.266,Вот это... довольно неожиданное на самом деле.,0.261,Вот это... это... Вообще довольно неожиданное.,0.244,"Это же... Весьма неожиданно, вообще-то.",0.229,,Бул... чынында абдан күтүлбөгөн нерсе.,Бул болсо... Чындыгында эле күтүлбөгөн нерсе болду.,0.262,Бул деген... Чындыгында эле күтүлбөгөн.,0.25,Мына ушулар... Чындыгында эле күтүлбөгөн жагдай.,0.246,Мына ушунусу... Чындыгында эле күтүлбөгөн нерсе.,0.242,,
ef7ityh,joy,Your dog is soooo cute,Твоя собака тааак милая,Твоя собака такая милая.,0.256,Твоя собака очень милая.,0.255,Твоя собака такая милая...,0.252,Твоя собака такая сладкая.,0.237,,Сенин итиң өтөөөөн сүйкүмдүү,Сенин итиң ушунчалык сүйкүмдүү экен.,0.258,Сенин итиң ушунчалык татынакай экен.,0.254,Сенин итиң ушунчалык сүйкүмдүү экен,0.246,Сенин итиң ушунчалык татынакай экен,0.241,,
edni63g,joy,old school from back when we won the cup,"олдскул, ещё с тех времён когда мы взяли кубок","Старая школа с тех пор, как мы выиграли кубок.",0.264,"Старая школа с тех пор, когда мы выиграли кубок.",0.25,"Старая школа с тех пор, как мы выиграли кубок",0.245,"Старая школа с тех пор, как мы выиграли Кубок...",0.241,,Кубокту уткан кезден калган эски мектеп,Кубокту жеңгенибиздеги эски окуудан,0.255,Кубокту жеңип алганыбыздагы эски окуудан,0.25,Кубокту жеңгенибиздеги эски мектепти,0.25,Кубокту жеңип алганыбыздагы эски мектептин,0.244,,
eeszrvg,surprise,I guess learning French in school helped me for once,"ну надо же, французский в школе хоть раз да пригодился","Видимо, изучение французского в школе помогло мне в этот раз.",0.253,"Видимо, изучение французского в школе помогло мне на этот раз.",0.251,"Думаю, изучение французского в школе помогло мне в этот раз.",0.251,"Кажется, изучение французского в школе помогло мне в этот раз.",0.245,,Мектепте француз тилин үйрөнгөнүм бир жолу жардам берди окшойт,Мектепте француз тилин үйрөнүү мага бир жолу жардам берди окшойт.,0.259,Мектепте француз тилин үйрөнүү мага бир жолу жардам берди окшойт,0.256,Мектепте француз тилин үйрөнгөнүм мага бир жолу жардам берди окшойт.,0.244,Мектепте французча үйрөнүү мага бир жолу жардам берди окшойт.,0.242,,
eed2ew5,fear,Being so gullible is the frightening part. durr da durr he downvote me,Вот эта наивность и пугает. дур-да-дур он мне дизлайк поставил,Быть таким доверчивым - вот в чем страшная часть. Дюрр да дюрр он мне голосуй против меня,0.258,Быть таким наивным - вот в чем страшная часть. Дюрр да дюрр он мне голосуй вниз,0.25,Быть таким доверчивым  вот в чем страшная часть. Дюрр да дюрр он мне голосуй против.,0.248,Быть таким легковерным - вот в чем страшная часть. Дюрр да дюрр он мне голосуй против,0.245,,"Мынчалык ишенгич болуу — мына эмне коркунучтуу. дурр да дурр, мени минус коюп жатат",Ушунчалык ишенчээк болуунун өзү коркунучтуу. Дүрр да дүрр ал мени добуш бербей койду,0.26,Мындай ишенчээк болуунун коркунучтуу жагы бар. Дүрр да дүрр ал мага добуш бербей койду,0.251,Ушунчалык ишенчээк болуунун коркунучтуу жери бар. Дүрр да дүрр ал мага добуш берсин,0.246,Ушунчалык ишенчээк болуунун коркунучтуу жагы бар. Дүрр да дүрр ал мага добуш бергиле,0.243,,
ed7fena,disgust,If Ww3 breaks out in northern Asia as people expect. It will make things worse for you guys in the states - not better,"Если Третья мировая начнётся в Северной Азии, как многие и ожидают — вам в штатах от этого станет только хуже, а не лучше.","Если ВВП вспыхнет в Северной Азии, как ожидают люди. Это ухудшит вам жизнь в Штатах, а не улучшит.",0.258,"Если ВВП вспыхнет в Северной Азии, как люди ожидают. Это ухудшит вам дела в Штатах, а не улучшит...",0.25,"Если ВОЗ вспыхнет в Северной Азии, как ожидают люди. Это ухудшит вам дела в Штатах, а не улучшит.",0.248,"Если ВВП вспыхнет в северной Азии, как ожидают люди. Это ухудшит вам жизнь в Штатах, а не улучшит...",0.245,,"Эгер адамдар күткөндөй Түндүк Азияда 3-дүйнөлүк согуш башталса, бул Америкадагы силер үчүн жакшыраак эмес, тескерисинче, жаманыраак болот.","Эгер эл күткөндөй эле, дүйнөлүк согуш түндүк Азияда башталып кетсе. Бул силер үчүн, силер жактагылар үчүн ишти жакшы эмес, жаман кылып жиберет.",0.256,"Эгер эл күткөндөй эле Дүйнө согушунун үчүнчү согушу түндүк Азияда башталып кетсе. Бул силер үчүн, силер жактагылар үчүн, жакшылыкка эмес, жамандыкка айлантат.",0.25,"Эгер эл күткөндөй эле, дүйнөлүк согуш түндүк Азияда башталса. Бул силер үчүн, силер жактагылар үчүн, жакшылыкка эмес, жамандыкка алып келет.",0.247,"Эгер эл күткөндөй эле Дүйнө согушунун үчүнчү согушу түндүк Азияда башталса. Бул силер үчүн, силер жактагылар үчүн, жакшылыкка эмес, жамандыкка гана алып келет.",0.247,,
ed98k28,anger,holy crap that's messed up.,"Ёпта, это же жесть.","Святое дерьмо, как всё испортилось.",0.274,"Святое дерьмо, что за неладное.",0.247,"Святые угодники, что за дерьмо.",0.241,"Святое дерьмо, что за дефект.",0.239,,"Кудай ай, бул жаман нерсе экен.","Капырай, бул эмне деген башаламандык.",0.281,"Капырай, бул эмне деген башаламандык болду.",0.244,"Капырай, бул эмне деген чаташып кеткен.",0.239,"Капырай, бул эмне деген чатак.",0.237,,
eec73kj,joy,I am now weirdly aroused,Что-то меня это странно возбудило.,Я теперь странно возбудился...,0.254,Я сейчас странно возбудился...,0.254,Я сейчас странно возбудился.,0.247,Я теперь странно возбудился.,0.244,,Азыр мен кандайдыр кызыгып/козголуп кеттим,Мен азыр бөтөнчө ойгонуп турам.,0.253,Мен азыр кызыктай козголуп турам.,0.252,Мен азыр адаттан тыш ойгонуп турам.,0.25,Мен азыр бир кызыктай козголуп турам.,0.245,,
edx70vs,disgust,I woke up drunk and mouthy,Проснулся бухим и с дерзким языком,Я проснулся пьяным и беззубым.,0.274,Я проснулся пьяным и беззубым...,0.248,Я проснулся пьяным и беззубым,0.239,Я проснулся пьяным и безмолвным.,0.239,,Маст жана тилим узун болуп ойгондум,"Мен мас болуп, ооздорум ачылгандай болуп ойгондум.",0.26,Мен мас болуп ооздорум ачылгандай болуп ойгондум.,0.251,Мен мас болуп ооздорум ачылгандай ойгондум.,0.247,"Мен мас болуп, ооздорум ачылган бойдон ойгондум.",0.242,,
ed27uml,anger,I have failed you [NAME]. I have failed you.,"Я подвёл тебя, [ИМЯ]. Я подвёл тебя.","Я обманул тебя, [ИМЯ]. Я обманул тебя.",0.27,"Я обманул тебя, [ИМЯ]. Я подвел тебя.",0.262,"Я обманул тебя, нм. Я обманул вас.",0.243,"Я обманул тебя, нм-м. Я подвел вас.",0.225,,Мен сени көйгөйгө салдым [АТ]. Көйгөйгө салдым.,"Мен сени ийгиликсиз кылдым, [АТ]. Мен сизди ийгиликсиз кылдым.",0.267,"Мен сени капа кылдым, [АТ]. Мен сени ийгиликсиз кылдым.",0.259,"Мен сени ийгиликсиз калтырдым, [АТ]. Мен сени уятка калтырдым.",0.253,"Мен сени ийгиликсиз кылдым, анан мнм. Мен сени уят кылдым.",0.221,,
eex5vda,disgust,"Self defense should be, and this man sexually assaulted this woman.","Это должна была быть самооборона, а этот мужик сексуально напал на эту женщину.","Самооборона должна была быть, а этот мужчина изнасиловал эту женщину.",0.255,"Самооборона должна быть, а этот мужчина изнасиловал эту женщину.",0.251,"Самооборона должна была быть, и этот мужчина изнасиловал эту женщину.",0.249,"Самооборона должна была быть, но этот мужчина изнасиловал эту женщину.",0.245,,"Өз-өзүн коргоо болушу керек эле, жана бул эркек ал аялга сексуалдык зомбулук кылган.","Өзүн өзү коргоо болушу керек эле, а бул киши бул аялга жыныстык катнашта болгон.",0.256,"Өзүн өзү коргоо болушу керек эле, а бул киши аялга жыныстык катнашта болгон.",0.253,"Өзүн өзү коргоо болушу керек эле, а бул киши бул аялга жыныстык жактан кол салган.",0.246,"Өзүн өзү коргоо болушу керек эле, а бул киши бул аялга жыныстык жактан асылган.",0.245,,
ed1x4mr,surprise,Yeah that happens t,"Да, такое бывае","Да, такое бывает...",0.259,"Да, это случается...",0.248,Да это случается...,0.247,"Да, такое случается...",0.246,,"Ооба, ошондой болот","Ооба, ошондой болот да.",0.264,"Ооба, ушундай болот да.",0.261,"Ыя, ошондой болот да.",0.245,"Ооба, ушундай болот да...",0.23,,
ee51k43,surprise,It happens to me in relatively short streaks last one 13 days and I noticed it was a bit yellow,"У меня это бывает относительно короткими периодами, последний был 13 дней, и я заметил, что было немного желтоватым","Это случается со мной в относительно короткие серии последние один день и я заметил, что это было немного желтоватое",0.256,"Это случается со мной в сравнительно короткие серии последние один день и я заметил, что это было немного желтоватое",0.252,"Это происходит со мной в относительно короткие серии последние один день и я заметил, что это было немного желтоватое",0.248,"Это случается со мной в относительно короткие серии последние один день и я заметил, что это было немного желтоватым",0.244,,"Бул мага салыштырмалуу кыска аралыктарда болот, акыркысы 13 күн болду жана бир аз сарыгып жатканын байкадым","Ал мага салыштырмалуу кыска чийик менен акыркы бир күнү болот жана мен байкадым, бул бир аз сары болчу",0.255,"Ал мага салыштырмалуу кыска чийик менен акыркы бир күнү болот жана мен байкадым, ал бир аз сары болчу",0.254,"Ал мага салыштырмалуу кыска чийик менен акыркы бир күнү болот жана мен байкадым, бул бир аз саргылт",0.248,"Ал мага салыштырмалуу кыска чийик менен акыркы бир күнү болот жана мен байкадым, ал бир аз сары болуп калган",0.244,,
efbtfgf,sadness,I know it's easy for me to say because it wasn't me but money is money. We can always make more. Really sorry dude.,"Понимаю, мне легко говорить — со мной такого не было, но деньги есть деньги. Заработаем ещё. Правда жаль, чувак.","Я знаю, мне легко говорить, потому что это был не я, а деньги есть деньги. Мы всегда можем сделать больше. Очень жаль, чувак.",0.275,"Знаю, мне легко говорить, потому что это был не я, а деньги есть деньги. Мы всегда сможем сделать больше. Искренне сожалею, чувак.",0.255,"Я знаю, мне легко говорить, потому что это был не я, но деньги есть деньги. Мы всегда можем заработать больше. Очень жаль, дружище.",0.237,"Я знаю, мне легко говорить, потому что это был не я, а деньги  это деньги. Мы всегда можем сделать побольше. Искренне сожалею, дружище.",0.232,,"Билем, мага айтуу оңой, анткени мен ордумда эмесмин, бирок акча — акча. Дайыма таба алабыз. Чынында эле кечирип кой, дос.","Мен үчүн айтуу оңой экенин билем, себеби мен эмес элем, бирок акча деген акча. Биз ар дайым көбүрөөк жасай алабыз. Чындап эле кечирип кой, доскай.",0.271,"Мен үчүн айтуу оңой экенин билем, анткени мен эмес элем, бирок акча деген акча. Биз ар качан көбүрөөк жасай алабыз. Чын эле кечирип койдуң го, доскай.",0.248,"Мен үчүн айтуу оңой экенин билем, себеби мен эмес болчумун, бирок акча деген акча. Биз дайыма көбүрөөк жасай алабыз. Чындап эле кечирип койдуң го, досум.",0.244,"Мен үчүн айтуу оңой экенин билемин, себеби мен эмес элем, бирок акча деген акча. Биз ар дайым дагы жасай алабыз. Чындап эле кечирип койдуң го, доскай.",0.237,,
eevib7h,surprise,I'm honestly shocked that the Bucks have more subs than us. I was surprised the Wolves had more too.,"Честно в шоке, что у Бакс больше подписчиков, чем у нас. Вулвз тоже удивили — у них тоже оказалось больше.","Я искренне шокирован тем, что у Баксов больше подчинённых, чем у нас. Я удивился, что у Волков тоже было больше.",0.255,"Я, честно говоря, шокирован тем, что у Баксов больше подчинённых, чем у нас. Я удивился, что и у Волков было больше.",0.252,"Я, честно говоря, шокирован тем, что у Баксов больше запасных, чем у нас. Я удивился тому, что у Волков тоже было больше.",0.246,"Я, честно говоря, шокирован тем, что у Баксов больше подчиненных, чем у нас. Я был удивлен, что у Волков тоже было больше.",0.246,,"Чынын айтсам, Бакстын бизден жазылуучусу көп экени мени чочутту. Волвстун да көп экени да таң калтырган.",Мен чындыгында Бакстардын бизден көп байгеге ээ экенине таң калып турам. Мен да карышкырлардын көбүрөөк болгонуна таң калдым.,0.257,Мен чындыгында Бакстардын бизден көп үлүшкө ээ экенине таң калып турам. Мен да карышкырлардын көбүрөөк экенине таң калдым.,0.253,Мен чындыгында Бакстардын бизден көп үлүшү бар экенине таң калып турам. Мен Карышкырлардын да көбүрөөк экенине таң калдым.,0.246,Мен чындыгында Бакстардын бизден көп байгеге ээ экенине тан калып турам. Мен да Карышкырлардын көбүрөөк экенине таң калдым.,0.244,,
eemrrt5,sadness,"Huh, I'd missed this one when looking for new games a few months back. Might have to give it a try.","Хм, пропустил эту игру, когда искал что-нибудь новенькое пару месяцев назад. Надо будет попробовать.","Хм, я пропустил это, когда искал новые игры несколько месяцев назад. Может, придется попробовать.",0.262,"Ха, я пропустил это, когда искал новые игры несколько месяцев назад. Может быть, придется попробовать.",0.255,"Хх, я пропустил это, когда искал новые игры несколько месяцев назад. Возможно, придется попробовать.",0.242,"Хм, я пропустил этот случай, когда искал новые игры несколько месяцев назад. Может, стоит попробовать.",0.24,,"Э, бир нече ай мурун жаңы оюндарды издегенде муну өткөрүп жибериппин. Бир синап көрүш керек болор.","Хх, мен муну бир нече ай мурун жаңы оюндарды издеп жүргөндө байкабай калгам. Аракет кылып көрүшүм керек.",0.256,"Хх, мен муну мындан бир нече ай мурун жаңы оюндарды издеп жүргөндө байкабай калгам. Аракет кылып көрүшүм керек болушу мүмкүн.",0.253,"Хх, мен муну мындан бир нече ай мурун жаңы оюндарды издеп жүргөндө сагынган элем. Аракет кылып көрсөм болор.",0.249,"Хх, мен муну бир нече ай мурун жаңы оюндарды издеп жүргөндө сагынган элем. Аракет кылып көрүшүм керек болушу ыктымал.",0.243,,
edc1nvz,disgust,I don't think eating 4chan pizza is a good idea. Unless you're into some weird shit.,"Не думаю, что жрать пиццу с 4чана — хорошая идея. Разве что ты любишь всякую странную дичь.","Я не думаю, что есть пиццу на четырех каналах  это хорошая идея. Если только ты не занят какими-то странными делами.",0.258,"Я не думаю, что есть пиццу с четырьмя сторонами  это хорошая идея. Если только ты не занимаешься какими-то странными делами.",0.256,"Я не думаю, что есть пиццу с четырех сторон  это хорошая идея. Разве что ты занят какими-то странными делами.",0.247,"Я не думаю, что есть пиццу на четырех каналах  хорошая идея. Разве что ты занимаешься какими-то странными делами.",0.238,,"Менимче, 4chan пиццасын жеш жакшы идея эмес. Кандайдыр бир кызыктай нерселерди жактырсаң — башка маселе.",Мен төрт канада пицца жегенди жакшы идея деп ойлобойм. Болбосо кандайдыр бир кызыктай нерселерге кызыгып жүрбөсөң.,0.26,"Менин оюмча, төрт чаналык пицца жеген жакшы идея эмес. Болбосо кандайдыр бир кызыктай нерселерге кызыгып жүрбөсөңчү.",0.25,"Менин оюмча, төрт канада пицца жеген жакшы идея эмес. Болбосо кандайдыр бир кызыктай нерселерге кызыгасың.",0.246,"Менин оюмча, төрт чаналык пицца жеген жакшы эмес. Болбосо кандайдыр бир кызыктай нерселерге кызыгып жүрбөсөңүз.",0.243,,
ednw91y,joy,Thanks! I had a more standard name but then realized I didn't want to be findable on Reddit.,"Спасибо! У меня было более стандартное имя, но потом понял(а), что не хочу, чтобы меня находили в Reddit.","Спасибо тебе! У меня было более стандартное имя, но потом я понял, что не хочу, чтобы меня могли найти на Реддите.",0.27,"Спасибо тебе большое! У меня было более стандартное имя, но потом я понял, что не хочу, чтобы меня могли найти на Реддите.",0.26,"Спасибо вам! У меня было более стандартное имя, но потом я понял, что не хочу быть найденным на Реддите.",0.248,"Спасибо! У меня было более стандартное имя, но потом я понял, что не хочу, чтобы меня можно было найти на Реддите.",0.221,,"Рахмат! Мурун жөнөкөйрөөк ник алгам, бирок Редиттен табылгым келбегенин түшүндүм.","Ыракмат сизге! Менде бир кыйла стандарттуу атым бар болчу, бирок кийин түшүндүм, мен Рэддитте табыла турган болгум келбейт экен.",0.259,"Рахмат сизге! Менде бир кыйла стандарттуу ат бар болчу, бирок кийин түшүндүм, мен Рэддитте табыла турган болгум келбейт экен.",0.256,"Ыракмат! Менде бир кыйла стандарттуу атым бар болчу, бирок кийин түшүндүм, мен Рэддитте табыла турган болгум келбеди.",0.246,"Рахмат силерге! Менде бир кыйла стандарттуу атым бар болчу, бирок кийин түшүндүм, мен Рэддитте табылууну каалаган жокмун.",0.239,,
ed7cph7,sadness,"Where? Sorry, the link doesn't seem to work!","Где? Сорри, ссылка что-то не работает!","В каком месте? Прости, похоже, ссылка не работает!",0.276,"В какое место? Извините, похоже, ссылка не работает!",0.257,"В каком месте... Извини, похоже, ссылка не работает!",0.237,"В каком? Прости, кажется, ссылка не работает!",0.23,,"Кайда? Кечир, шилтеме иштебей жатат окшойт!","Кайда экен? Кечиресиз, шилтеме иштебей жатат окшойт!",0.273,"Кайда жүрөт? Кечиресиз, шилтеме иштебей калды окшойт!",0.26,"Кайда эле? Кечирип койчу, шилтеме иштебей жатат окшойт!",0.242,"Кайда жүрөт экен? Кечирип кой, шилтеме иштебей жатат окшойт!",0.226,,
edzhlu9,anger,"Maybe you’re just extremely boring and bland, and outright refuse to learn to take photos that don’t suck. ","Может, ты просто невероятно скучный и безликий, и напрочь отказываешься учиться снимать нормальные фотки.","Может быть, ты просто чрезвычайно скучный и безвкусный, и совершенно отказываешься учиться делать фото, которые не сопят.",0.258,"Может быть, ты просто чрезвычайно скучный и безвкусный, и совершенно отказываешься учиться делать фото, которые не сосут.",0.252,"Может быть, ты просто чрезвычайно скучный и безвкусный, и категорически отказываешься учиться делать фото, которые не сук.",0.245,"Может быть, ты просто чрезвычайно скучный и безвкусный, и совершенно отказываешься учиться делать фото, которые не сук.",0.245,,"Балким сен жөн эле өтө зерикчилик жана жансызсың, жана начар эмес сүрөт тартууну үйрөнүүдөн такыр баш тартасың.","Балким сиз өтө эле тажатма жана супсак адамсыз, жана болбогон сүрөттөрдү тартканды үйрөнүүдөн таптакыр баш тартасыз.",0.25,"Мүмкүн сиз өтө эле тажатма жана супсак адамсыз, жана болбогон сүрөттөрдү тартканды үйрөнүүдөн таптакыр баш тартасыз.",0.25,"Балким сиз өтө эле тажатма жана супсак адамсыз, жана болбогон сүрөттөрдү тартканды үйрөнүүдөн таптакыр эле баш тартасыз.",0.25,"Мүмкүн сиз өтө эле тажатма жана супсак адамсыз, жана болбогон сүрөттөрдү тартканды үйрөнүүдөн таптакыр эле баш тартасыз.",0.25,,
edbtngo,surprise,Omg if WOW sue’s her then my depression would be cured and I’ll have my jush,"Боже, если WOW подаст на неё в суд, моя депрессия пройдёт и я снова почувствую кайф","Омг, если вау, позовут ее, тогда моя депрессия исцелится, и у меня будут ваши",0.251,"Омг, если вау, позовут ее, тогда моя депрессия исцелится, и у меня будет ваш",0.251,"Омг если вау, позовут ее, тогда моя депрессия исцелится, и у меня появится вас",0.249,"Омг, если вау, позовут ее, тогда моя депрессия исцелится, и у меня появится вас",0.248,,"Жараткан, эгер WOW аны сотко берсе, депрессиям жазылып, жанымды кайра табам.","Омг эгерде Уо, эгерде аны соттосо анда менин депрессиям айыгат жана мен васхтарымды алам",0.258,"Омг эгерде Уо, эгерде аны соттосо, анда менин депрессиям айыгат жана мен васхтарымды алам",0.252,"Омг эгерде Уо, эгерде аны соттосо, анда менин депрессиям айыгат жана мен сиңдиме ээ болом",0.248,"Омг эгерде Уо, эгерде аны соттосо, анда менин депрессиям айыгат жана мен сиздин жаныңызды алам",0.243,,
eczsbhe,joy,"I love this meme, killem with memes","Обожаю этот мем, убиваем мемами","Я люблю этот мем, киллем с мемами",0.263,"Я люблю этот мем, я убиваю мемами.",0.248,"Я люблю этот мем, киллем с мемами.",0.246,"Я люблю этот мем, убиваю мемами.",0.243,,"Бул мемди сүйөм, аларды мемдер менен жок кыл","Мен бул мемди жакшы көрөм, мемдер менен киллем",0.256,"Мен бул мемди жакшы көрөм, мемдер менен өлтүрөм",0.251,"Мен бул мемди жакшы көрөм, мемдер менен өлтүрөмүн",0.247,"Мен бул мемди сүйөм, мемдер менен өлтүрөм",0.247,,
