id,text_en,emotion,text_ru_human,text_ky_human,notes
eekfunt,Being a [NAME] is no different from being a [NAME]. Both have caused genocides. I hate how our society only focuses on one though!,disgust,"Быть [ИМЯ] ничем не отличается от того, чтобы быть [ИМЯ]. И те и другие устраивали геноциды. Ненавижу, что наше общество зацикливается только на одном!",[АТ] болуу [АТ] болуудан эч айырмасы жок. Экөө тең геноцид жасашкан. . Биздин коом бир гана нерсеге көңүл бурганын жаман көрөм!,
eeg2k08,Let's all go to Dragon Laaaaaand!,joy,Все едем в Страну Драааааконов!,Баарыбыз ажыдаар өлкөсүнө баралы!,
eexx0lb,"Thank you. I've been correcting the record for triggered authoritarians for a minute! ""Mah taxes""",joy,Спасибо. Я уже минуту поправляю факты для триггернутых авторитаристов! «Мах налооги»,"Рахмат сизге. Мен бир мүнөттөн бери козголгон авторитардыктарга факттарды оңдоп отурам! ""Мах салыктары""",
eehsg7q,Beyond nightmare!!,fear,Хуже любого кошмара!!,Кабустан да жаман!!,
ee2kw21,Please elaborate on that story! Ive always been afraid of exactly this happening to me.,fear,"Расскажи подробнее об этой истории! Я всегда боялся/-лась, что со мной случится именно это.",Ал окуяны кененирээк айтып берсеңиз! Мен дайыма дал ушунун эле башыма келе тургандыгынан коркчумун.,
ee1pydm,"But terrible people is my ""type""",fear,Но ужасные люди — это мой «тип»,"Бирок жаман адамдар менин ""тибим""",
ed8jdcf,Very surprised he didn't frog leap at the guy the close the distance,surprise,"Очень удивился, что он не прыгнул на того парня, чтобы сократить дистанцию",Аралыкты жабуу үчүн жигитке секирип барбаганына абдан таң калдым,
edummv2,"Aha! This is my fear, that the gloss over key elements because they want to target a wider audience!",fear,"Аха! Это именно то, чего я боюсь — что они замажут ключевые моменты, потому что хотят захватить более широкую аудиторию!",Аха! Менин коркунучум дал ушул — алар кеңири аудиторияга жетүү үчүн негизги элементтерди жашырып коёт!,
ef91h14,"Yeah, but geology doesn’t provide enough pumped hydro. Not enough places to do it.",anger,"Да, но геологических условий не хватает для гидроаккумуляции. Просто недостаточно подходящих мест.","Ооба, бирок геология жетиштүү суу электр станцияларын камсыздай албайт. Аны кылуу үчүн жетиштүү жер жок.",
eetpujx,ONLY FUCKING MERRILL WOULD MISS THAT,anger,ТОЛЬКО МЁРИЛЛ МОГ ТАК ПРОМАЗАТЬ,Жалгыз гана  МЭРРИЛЛ муну өткөрүп жибермек.,
efgmdmv,"the trajectory of that is really weird! But [NAME], that guys arm, hand, possibly head is not liking the next .01 second!",disgust,"траектория этого реально странная! Но [ИМЯ], рука, кисть, а может и голова этого парня явно не в восторге от следующих 0.01 секунды!","Анын траекториясы чындап кызык! Бирок [АТ], ал жигиттин колу, билеги, мүмкүн башы кийинки 0.01 секундду жактырбай жатат!",
ef5d6ib,"It's a self-identifying group, and they have killed quite a bit of people in their crusade for revenge. It's both absolutely pathetic and absolutely terrifying.",disgust,"Это группа по самоидентификации, и они убили немало людей в своём крестовом походе за месть. Это одновременно абсолютно жалко и абсолютно жутко.","Бул өзүн-өзү аныктаган топ, алар өч алуу кресттүүлөрүнүн жүрүшүндө бир топ адамдарды өлтүрүштү. Бул бир эле учурда абдан аянычтуу жана абдан коркунучтуу.",
eehbu84,"You're with him, you brought him here to kill me.",surprise,"Ты с ним заодно, ты привёл его сюда, чтобы убить меня.","Сен аны менен биргесиң, сен аны мени өлтүрүш үчүн мында алып келдиң.",
eeqirlp,"Us girls are taught to always be polite. Screw that, safety is more important.",surprise,"Нас, девчонок, учат всегда быть вежливыми. Да пошло оно, безопасность важнее.","Бизди, кыздарды, дайыма маданияттуу болууга үйрөтүшөт. Кой аны, коопсуздук маанилүүрөөк.",
ee95p64,Sorry if this is ignorant but is that a wig?,sadness,"Сорри если это тупой вопрос, но это парик?","Билбегенден сурасам болобу, бул парик беле?",
ef8hx01,all the more reason to not give a fuck about CFF,anger,Ещё один повод забить болт на CFF,CFF жөнүндө ойлобой коюга дагы бир себеп,
edjuq7n,I really liked this but holy shit I miss my AR shots compared to like 1440 or even 1600,sadness,"Мне это очень понравилось, но, блять, как же я скучаю по AR-снимкам в сравнении с какими-то 1440 или даже 1600.","Мага бул аябай жакты, бирок чиркин, мен өзүмдүн АР кадрларымды сагындым, мисалы, 1440 же ал эмес, 1600гө салыштырганда",
ed1sjv8,"I could go, but honestly, it is the worst place on earth. I have 0 desire to do it.",disgust,"Мог(ла) бы поехать, но честно, это худшее место на земле. У меня 0 желания туда ехать.","Мен бара алмакмын, бирок чынын айтсам, ал жер жердин эң жаман жери. Менин муну жасоого каалоом жок.",
ed497m1,This sounds like a toxic relationship for the both of you. Seems miserable... I’d hate to be in that relationship,anger,Это звучит как токсичные отношения для вас обоих. Похоже на кошмар... Я бы ни за что не хотел оказаться в таких отношениях,Бул сиз экөөңүз үчүн уулуу мамиле сыяктуу угулат. Шордуу көрүнөт... Мен андай мамиледе болгум келмек эмес,
ef96373,It seemed weird to me as well. It's just 10mcg of cyanocobalamin with some fillers like corn starch and celulose.,disgust,Мне тоже показалось странным. Там просто 10 мкг цианокобаламина с наполнителями типа кукурузного крахмала и целлюлозы.,"Мага да кызыктай көрүндү. Бул болгону цианокобаламиндин 10мкг, жүгөрү крахмалы жана целлюлоза сыяктуу кээ бир толтургучтары бар экен.",
ee9mvpt,"2nd one resounds with me so much, I rarely realize how little I trust other people to do any task lol",surprise,"Второй так сильно откликается, я редко осознаю, насколько мало доверяю другим людям в любом деле лол","Экинчиси мага ушунчалык жакты, мен башка адамдарга эч кандай тапшырманы аткарууга канчалык аз ишенеримди сейрек түшүнөм, ыя",
efdcz7e,OP literally said guys like [NAME] are not unicorns and not hard to find. They never said [NAME] was the ultimate standard lol,joy,"ОП буквально сказал, что такие парни, как [ИМЯ] — не единороги и их несложно найти. Никто не говорил, что [ИМЯ] — это какой-то главный эталон lol",ОП түздөн-түз [АТ] сыяктуу жигиттер сейрек эмес жана табуу кыйын эмес деди. Алар эч качан [АТ] эң жогорку стандарт деген жок лол,
edqssue,There is nothing more disgusting than those who put children in danger unless it is the people who allow them to do more harm.,disgust,"Нет ничего отвратительнее тех, кто подвергает детей опасности, разве что те, кто позволяет им причинять ещё больший вред.","Балдарды коркунучка салган адамдардан жийиркеничтүү эч нерсе жок, эгерде аларга көбүрөөк зыян келтирүүгө жол берген адамдар болбосо.",
efe97h5,"No phone, can't help....sorry?",sadness,"Нет телефона, не могу помочь....сорри?","Телефон жок, жардам бере албайм, кечиресизби?",
efan4tt,I already called the county I got married in trying to find out about it but they had nothing on either of us about a divorce.. Im so anxious.,fear,"Я уже звонил(а) в округ, где мы поженились, пытаясь выяснить, но у них не было ничего ни на кого из нас насчёт развода.. Я так тревожусь.","Мен турмушка чыккан округума чалдым, ажырашуу жөнүндө билүүгө аракет кылдым, бирок алар бизди экөөбүздүн ажырашуусу тууралуу эч нерсе таппады.. Абдан тынчсызданып жатам.",
ee8u5o3,Woke is realizing the world doesnt revolve around you at its most basic level. Thats dumb?,surprise,"«Вок» в самом базовом понимании — это просто осознание, что мир не вертится вокруг тебя. Это тупо?","""Woke""  — эң базалык деңгээлде дүйнө сенин айланаңда айланбайт деп аңдоо. Бул акмакчылыкпы?",
edtvmq5,Heaven forbid you do some actual research.,anger,Боже упаси тебя провести хоть какое-то реальное исследование.,Чыныгы изилдөө жүргүзүүдөн кудай сактасын.,
ee7toae,That was my mistake. It should only show your First Name and The 1st letter of my last name.,sadness,Это была моя ошибка. Должно показываться только твоё Имя и первая буква моей фамилии.,Менин каталыгым ошол болду. Анда сиздин атыңыз жана менин фамилиямдын биринчи тамгасы гана көрсөтүлүшү керек.,
eeemsct,I’m about to have a heart attack tonight,fear,Я сейчас умру от сердечного приступа,Азыр жүрөгүм токтондон өлөйүн деп турам.,
ed7mv68,"Saying ""don't come into this subreddit just to start arguments about politics"" isn't intolerance.",anger,«Не заходите в этот сабреддит только чтобы устраивать срачи о политике» — это не нетерпимость.,"""Бул сабредитке саясат боюнча талаш баштоо үчүн гана кирбегиле"" деп айтуу — бул чыдамсыздык эмес.",
ed1e397,"Sure, sorry for late response.",sadness,"Да, извини за долгий ответ.","Ооба, кечиктирген жообум үчүн кечириңиз.",
eczsg35,Same but I’m not really believing the OP isn’t a troll.,anger,"Аналогично, но я не особо верю, что ОП не троль.","Бирдей, бирок мен ОПтун тролл эмес экенине ишенбей турам.",
edfzynr,I was once nearly run over by a moped that was doing 60 MPH in a parking lot. Your comment reminded me of that.,surprise,"однажды меня чуть не сбил мопед, летевший со скоростью 60 миль в час по парковке. твой комментарий напомнил мне об этом",Бир жолу унаа токтотуучу жайда саатына 60 миля баратакан мопед мени дээрлик кагып кете жаздаган. Сенин комментарийиң ошону эстетти.,
eeu30n3,"Haha Not like this in my experience, but I guess it's different in USA",joy,"Хаха У меня было не так, но наверное в США всё иначе","Хаха Менин тажрыйбамда мындай эмес эле, бирок АКШда башкача болот окшойт",
ed85eg7,That explains an awful lot about ICP.,disgust,Многое объясняет про ICP.,Бул ICP жөнүндө абдан көп нерсени түшүндүрөт.,
ee9w16m,i hope kawhi doesnt step foot outside its cold af today,joy,"надеюсь Кавхи вообще на улицу не выходит, там дубак сегодня","Кавхи бүгүн сыртка чыкпасын деп үмүттөнөм, бүгүн каттуу суук",
eenn9ut,I just say I don't know shit. I'm just a ape man on a rock.,anger,"Я просто говорю, что нихрена не знаю. Я просто обезьяночеловек на камне.",Мен жөн эле эч нерсе билбейм дейм. Мен бир таштын үстүндөгү маймыл адаммын.,
edj2o0u,"Oh good grief! Put it away, [NAME].",sadness,"Ну господи! Убери это, [ИМЯ].","О, Кудайым! Аны алып салчы, [АТ].",
edhb7vy,Great! I hope we can make our loan system work better,joy,"Отлично! Надеюсь, нам удастся сделать нашу кредитную систему лучше",Абдан сонун! Биздин насыялоо системасын жакшыраак иштете алабыз деп үмүттөнөм.,
ed4hcsf,Oh true I remember seeing it on Spotify’s charts for weeks. It’s terrible.,fear,"О да точно, я помню, это висело в чартах Спотифая неделями. Жуть какая-то.","Ырас эле, мен аны жумалап бою Spotify чарттарында көргөнүм эсимде. Бул абдан жаман.",
edbwmhc,I still think we didn't give the guy a fair shot to coach.,anger,"Я всё равно думаю, что мы не дали парню нормального шанса поработать тренером.",Мен дагы эле жигитти машыктырууга акыйкат мүмкүнчүлүк бербедик деп ойлойм.,
ee8g30j,That's awful. also i think I just realized why I have so much trouble finishing the last bite of food. I get all anxious about it.,surprise,"Это ужасно. ещё я кажется только что понял(а), почему мне так тяжело доесть последний кусочек еды. я начинаю из-за этого тревожиться.",Бул кандай шумдук. Ошондой эле акыркы тиштеген тамагымды да жебей кыйналып жатканымдын себебин эми түшүндүм окшойт. Мен буга аябай тынчсызданып кетем.,
ed5m6ii,"[NAME] no, these are horrid on anyone.",fear,"[ИМЯ] нет, это ужасно смотрится на всех без исключения.","[АТ] жок, булар эч кимге жараша бербейт.",
eeohv3v,so abused...,anger,такое издевательство...,ушунчалык кордоо..,
ed4bf6i,"Yeah that’s one of the things I’m most worried about, still hopeful!",fear,"Да, это одна из вещей, о которых я больше всего беспокоюсь, но я всё равно надеюсь!","Ооба, бул менин эң көп тынчсызданган нерселеримдин бири, дагы эле үмүттүүмүн!",
edc0h4a,That's a really good one too. I am pretty upset to learn how limited my vocabulary is,sadness,"Это тоже очень крутой вариант. Я реально расстроился, когда узнал, насколько у меня ограниченный словарный запас","Бул да абдан жакшы. Менин сөздүк байлыгым канчалык чектелүү экенин билип, абдан капаландым",
ed22j2a,I'm sorry. That's awful,disgust,Мне жаль. Это ужасно,Мен кечирим сурайм. Бул кандай шумдук.,
ef0vd27,"Just gonna be mean here, those are all hideous :(",disgust,"Ладно, скажу по-злому — все они уродские :(","Мында ачык айтайын, булардын баары жаман көрүнөт :(",
ed6u9o5,Umm Hmmm. Too bad [NAME] can't be reached via Ouija Board. People really need his help.,sadness,"Умм, хмм. Жаль, [ИМЯ] нельзя вызвать через доску Уиджа. Люди реально нуждаются в его помощи.","Хммм, ыя. Өтө өкүнүчтүү, [АТ] Уижге тактасы аркылуу жетүүгө мүмкүн эмес. Элге анын жардамы чындап керек.",
ef64yhq,Stop being disgusting. I dont know if you know this but all dogs are naked.,disgust,"Перестань быть таким отвратительным. Не знаю, в курсе ли ты, но все собаки голые.",Жийиркеничтүү болуунду токтот. Билесиңби же жокпу — бардык иттер жылаңач болот.,
ef7btjf,I also relate (and regret),sadness,Я тоже (и сожалею),Мен да (жана өкүнөм),
ee3dysd,[NAME] and [NAME] for [NAME] then sign [NAME] afraid this battle station is fully operational,fear,"[ИМЯ] и [ИМЯ] для [ИМЯ] потом подписывайте [ИМЯ] боюсь, эта боевая станция полностью в строю","[АТ] менен [АТ] [АТ] үчүн, анан [АТ] кол коюшат, бул согуш станциясы толук иштеп жатканынан корком",
edrn7cs,I came here for this. You and your fancy teeth filled with toxic PFAS can bite me!,anger,"Я сюда и пришёл ради этого. Ты со своими шикарными зубами, набитыми токсичными ПФАС, можешь идти лесом!",Мен бул жерге ушу үчүн келдим. Сен жана сенин уулуу ПФАЗ менен толтурулган кооз тиштериң мени тиштегидей болсун!,
eeizdpx,I sense no awful taste here.,disgust,Никакого ужасного вкуса тут не чувствую.,Мен бул жерде жаман даамды сезбей турам.,
eez9qla,"It says new, but I feel like they should call it 'used.'",anger,"Написано «новый», но по-моему надо было написать «б/у».","Жаңы деп турат, бирок мен аны 'колдонулган' деп аташса болмок деп ойлойм.",
ed12jnn,It’s disgusting,disgust,Это отвратительно,Бул жийиркеничтүү.,
eegvp8x,He said this awhile ago. His splits away from coors scares me.,fear,Он говорил об этом ещё давно. Его отход от Coors меня пугает.,Ал муну бир аз мурун айткан. Анын Coors'тон бөлүнүп кетиши мени коркутат.,
eewiqv8,this is so niche but i still felt that shit in my bones,anger,"это такая узкая тема, но я всё равно почувствовал это дерьмо до мозга костей","бул абдан тар тема, бирок мен буну сөөккө чейин сездим",
eercauq,Poor crack baby 😥,sadness,Бедный крэковый малыш 😥,Бечара крек наристе 😥,
edzlp7j,Uhh...weird flex but ok?,anger,"Эм... странный понт, ну ок?","Ухх... кызыктай ийилүү, бирок макулбу?",
eedsd0d,"I'm a university student and even though I have a job, I'm going to find out about this at school. Thanks for the tip!!",joy,"Я студент(ка) универа, и хотя у меня есть работа, разберусь с этим через учёбу. Спасибо за наводку!!","Мен университет студентимин, жумушум болсо да, университетте бул жөнүндө билип алам. Кеңешиң үчүн чоң рахмат!!",
edbe4la,I find sativa makes me paranoid/anxious as hell. Indica calms me down more. Smoking too much of any strain makes me anxious by time though,fear,"Замечаю, что сатива делает меня параноидным/тревожным — жуть как. Индика успокаивает получше. Хотя если слишком много курить любого сорта, со временем всё равно начинаешь нервничать.","Менин байкоомдо, сатива мени параноид/ой-жайымды жоготот. Индика бир аз тынчтандырат. Бирок каалаган сортту өтө көп чеккенде убакыт өтсө тынчсыздандыра баштайт.",
edqtpnk,"All that shows is them loaning money when Liverpool make losses, which seems to have happened more than any of us realised. We don't make a loss",surprise,"Это лишь показывает, что они давали в долг, когда у Ливерпуля были убытки — похоже, это случалось чаще, чем кто-либо из нас думал. У нас убытков нет","Бардыгы Ливерпуль жоготууларга учураганда акча берип турушканын көрсөтөт, бул болсо эч кимибиз ойлогондон да көп болуп калды окшойт. Биз зыян тартпайбыз.",
eebz5iw,I love it. She really snapped.,joy,Обожаю. Она реально порвала.,Мен аны жакшы көрөмүн. Ал чындап эле тырчый түштү.,
edv5fb4,Thats who I thought it was too😂,surprise,Я тоже так и подумал😂,Аны мен да ошондой деп ойлогом😂,
edp6qsw,"Not one single figure anywhere to be seen. Reminds me of auld Soviet propaganda. ""The harvest is up"" ""People happier than ever""",joy,"Ни единой цифры нигде не видно. Напоминает мне старую советскую пропаганду. «Урожай вырос» «Люди счастливее, чем когда-либо»","Эч жерде бир да цифра жок. Бул мага эски Совет пропагандасын эстетет. ""Эгин өстү"" ""Эл эч качан мынчалык бактылуу болгон эмес""",
ef560j9,[NAME] has gotta he replaced or that was just terrible writing,fear,"[ИМЯ] надо заменить, или сценарий был просто ужасным","[АТ]ты алмаштыруу керек, же ал жөн эле жаман жазылган болчу",
edk5o03,Sorry to be the bearer of bad tidings.,sadness,"Извини, что приходится быть вестником дурных новостей.",Жаман кабардын алып жүрүүчүсү болгонум үчүн кечир.,
ed2e00i,The thought of shooting anything at asylum seekers is appalling.,fear,"Сама мысль о том, чтобы стрелять чем-либо в искателей убежища, — это отвратительно.",Качкындарга каршы эмнеге болсо ок атуу жөнүндөгү ой жийиркентет.,
ed9xljw,I was so sad when they took SG1 off of Netflix. I guess it’s on Prime now? I need to rewatch that show.,sadness,"Я так расстроилась, когда убрали ЗГ-1 с Нетфликса. Кажется, теперь он на Прайме? Надо пересмотреть этот сериал.","Алар ""СГ1""ди Нетфликсинен алып салганда аябай капа болдум. Мен ойлойм, азыр ал Праймда го? Мен ал шоуну кайра көрүшүм керек.",
eeppb46,"212/62 actually, lol. Good to know it's a metro-wide issue!",joy,"На самом деле 212/62, лол. Приятно знать, что проблема по всему метро!","Чынында 212/62, лол. Бул метро боюнча жалпы маселе экени жакшы!",
edj65i1,I totally read that wrong and was about to shout COLBY 2012,surprise,Я совсем неправильно это прочитал и чуть не заорал КОЛБИ 2012,"Мен муну таптакыр туура эмес окуп алып, ""Колби"" деп кыйкырайын деп жаткам.",
eeu33cz,Ain’t nothin good enough for her,sadness,Ей вечно всё не так.,Ага эч нерсе жетишпейт.,
edb492j,They're so scared,fear,Они так напуганы,Алар аябай коркуп турушат.,
eeauuo3,"Here for [NAME], love this.",joy,"Пришёл ради [ИМЯ], обожаю.","[АТ] үчүн келдим, муну жакшы көрөм.",
edvdy44,Threatening to drive your sisters into the ocean is illegal. It's called making a terroristic threat or menacing and can cause her to lose access to your sisters,fear,"Угрожать сёстрам вывезти их в океан — это незаконно. Это называется террористической угрозой или запугиванием, и из-за этого она может потерять доступ к твоим сёстрам.",Эжелериңди океанга айдайм деп коркутуу мыйзамсыз. Бул террористтик коркутуу же опузалоо деп аталат жана ал сиздин эжелериңиз менен болгон байланышыңызды жоготушуна алып келиши мүмкүн.,
edzli0e,[NAME] isn’t a rocket scientist. I was surprised about the Thailand thing tbh I did expect it to be true haha.,surprise,"[ИМЯ] не исследователь ракет. Честно говоря, история с Таиландом меня удивила, я вообще-то думал, что это правда хаха.","[АТ] ракета илимпозу эмес. Таиланд жөнүндөгү нерсеге чынымды айтсам таң калдым, мен аны чындык болот деп күткөн элем хаха.",
ee25bk6,"Ah yes. Recursion. The backbone of Marxist theory. Glad you brought it up, chap",joy,"О да. Рекурсия. Хребет марксистской теории. Рад, что поднял эту тему, дружище","Ырас эле. Кайталануу. Марксисттик теориянын устуну. Муну көтөрүп чыкканыңызга кубанычтамын, байке.",
edbpaxt,Apologies. My point still stands. A .8% lead is an insignificant majority at best. Saying one demograohic is most of the population is a bit misleading,sadness,"Извиняюсь. Моя позиция остаётся прежней. Преимущество в 0,8% — это в лучшем случае незначительное большинство. Говорить, что одна демографическая группа составляет большую часть населения — немного вводит в заблуждение.","Кечирим сурайм. Менин пикирим өз ордунда. 0,8%дык алдыда болуу — эң жакшы дегенде да маанисиз көпчүлүк. Бир демографияны калктын басымдуу бөлүгү деп айтуу бир аз жаңылыштырат.",
ef8h1do,Awful taste hmmmmm,disgust,Ужасный вкус хмммм,Жаман даам хмммм,
eeag3tn,That's... pretty unexpected actually.,surprise,"Это... довольно неожиданно, если честно.",Бул... чынында абдан күтүлбөгөн нерсе.,
ef7ityh,Your dog is soooo cute,joy,Твоя собака тааак милая,Сенин итиң өтөө сүйкүмдүү,
edni63g,old school from back when we won the cup,joy,"олдскул, ещё с тех времён когда мы взяли кубок",Кубокту жеңгенибиздеги эски окуудан,
eeszrvg,I guess learning French in school helped me for once,surprise,"ну надо же, французский в школе хоть раз да пригодился",Мектепте француз тилин үйрөнүү мага дагы бир жолу жардам берди окшойт.,
eed2ew5,Being so gullible is the frightening part. durr da durr he downvote me,fear,Вот эта наивность и пугает. дур-да-дур он мне дизлайк поставил,Ушунчалык ишенчээк болуунун өзү коркунучтуу. Дүрр да дүрр ал мага добуш бербей койду,
ed7fena,If Ww3 breaks out in northern Asia as people expect. It will make things worse for you guys in the states - not better,disgust,"Если Третья мировая начнётся в Северной Азии, как многие и ожидают — вам в штатах от этого станет только хуже, а не лучше.","Эгер адамдар күткөндөй Түндүк Азияда 3-дүйнөлүк согуш башталса, бул Америкадагы силер үчүн жакшыраак эмес, тескерисинче, жаманыраак болот.",
ed98k28,holy crap that's messed up.,anger,"Ёпта, это же жесть.","Капырай, бул эмне деген башаламандык.",
eec73kj,I am now weirdly aroused,joy,Что-то меня это странно возбудило.,Азыр мен кандайдыр козголуп кеттим,
edx70vs,I woke up drunk and mouthy,disgust,Проснулся бухим и с дерзким языком,"Мен мас болуп, ооздорум ачылгандай болуп ойгондум.",
ed27uml,I have failed you [NAME]. I have failed you.,anger,"Я подвёл тебя, [ИМЯ]. Я подвёл тебя.",Мен сени көйгөйгө салдым [АТ]. Көйгөйгө салдым.,
eex5vda,"Self defense should be, and this man sexually assaulted this woman.",disgust,"Это должна была быть самооборона, а этот мужик сексуально напал на эту женщину.","Өз-өзүн коргоо болушу керек эле, жана бул эркек ал аялга сексуалдык зомбулук кылган.",
ed1x4mr,Yeah that happens t,surprise,"Да, такое бывае","Ооба, ошондой болот",
ee51k43,It happens to me in relatively short streaks last one 13 days and I noticed it was a bit yellow,surprise,"У меня это бывает относительно короткими периодами, последний был 13 дней, и я заметил, что было немного желтоватым","Бул мага салыштырмалуу кыска аралыктарда болот, акыркысы 13 күн болду жана бир аз сарыгып жатканын байкадым",
efbtfgf,I know it's easy for me to say because it wasn't me but money is money. We can always make more. Really sorry dude.,sadness,"Понимаю, мне легко говорить — со мной такого не было, но деньги есть деньги. Заработаем ещё. Правда жаль, чувак.","Мен үчүн айтуу оңой экенин билем, себеби мен эмес элем, бирок акча деген акча. Биз ар дайым көбүрөөк жасай алабыз. Чындап эле кечирип кой, доске.",
eevib7h,I'm honestly shocked that the Bucks have more subs than us. I was surprised the Wolves had more too.,surprise,"Честно в шоке, что у Бакс больше подписчиков, чем у нас. Вулвз тоже удивили — у них тоже оказалось больше.","Чынын айтсам, Бакстын бизден катталуучулары көп экени мени чочутту. Волвстун да көп экени да таң калтырган.",
eemrrt5,"Huh, I'd missed this one when looking for new games a few months back. Might have to give it a try.",sadness,"Хм, пропустил эту игру, когда искал что-нибудь новенькое пару месяцев назад. Надо будет попробовать.","Хх, мен муну бир нече ай мурун жаңы оюндарды издеп жүргөндө байкабай калгам. Аракет кылып көрүшүм керек.",
edc1nvz,I don't think eating 4chan pizza is a good idea. Unless you're into some weird shit.,disgust,"Не думаю, что жрать пиццу с 4чана — хорошая идея. Разве что ты любишь всякую странную дичь.","Менимче, 4chan пиццасын жеш жакшы идея эмес. Кандайдыр бир кызыктай нерселерди жактырсаң — башка маселе.",
ednw91y,Thanks! I had a more standard name but then realized I didn't want to be findable on Reddit.,joy,"Спасибо! У меня было более стандартное имя, но потом понял(а), что не хочу, чтобы меня находили в Reddit.","Ыракмат сизге! Менде бир кыйла стандарттуу атым бар болчу, бирок кийин түшүндүм, мен Рэддитте табыла турган болгум келбейт экен.",
ed7cph7,"Where? Sorry, the link doesn't seem to work!",sadness,"Где? Сорри, ссылка что-то не работает!","Кайда экен? Кечиресиз, шилтеме иштебей жатат окшойт!",
edzhlu9,"Maybe you’re just extremely boring and bland, and outright refuse to learn to take photos that don’t suck. ",anger,"Может, ты просто невероятно скучный и безликий, и напрочь отказываешься учиться снимать нормальные фотки.","Балким сиз өтө эле тажатма жана супсак адамсыз, жана болбогон сүрөттөрдү тартканды үйрөнүүдөн таптакыр баш тартасыз.",
edbtngo,Omg if WOW sue’s her then my depression would be cured and I’ll have my jush,surprise,"Боже, если WOW подаст на неё в суд, моя депрессия пройдёт и я снова почувствую кайф","Жараткан, эгер WOW аны сотко берсе, депрессиям жазылып, жанымды кайра табам.",
eczsbhe,"I love this meme, killem with memes",joy,"Обожаю этот мем, убиваем мемами","Мен бул мемди жакшы көрөм, мемдер менен киллем",
