id,english_original,kyrgyz_translation,emotion,quality,notes
eetpujx,ONLY FUCKING MERRILL WOULD MISS THAT,ОШО ЖЕРДИ ПАК МЕРРИЛЛ ГАНА ЖАЗА АЛМАК,anger,Minor edit,Ругательство ослаблено; структура предложения неестественная
ed98k28,holy crap that's messed up.,"Кудай ай, бул жаман нерсе экен.",anger,OK,
ed27uml,I have failed you [NAME]. I have failed you.,Мен сени көйгөйгө салдым [АТ]. Көйгөйгө салдым.,anger,Minor edit,"«көйгөйгө салдым» = «подставил», не совсем «failed you»"
eez9qla,"It says new, but I feel like they should call it 'used.'","Жаңы деп жазат, бирок ""колдонулган"" деп атаса туура болмок го.",anger,OK,
ef8hx01,all the more reason to not give a fuck about CFF,CFF жөнүндө ойлобой коюга дагы бир себеп,anger,OK,
eenn9ut,I just say I don't know shit. I'm just a ape man on a rock.,Мен жөн эле эч нерсе билбейм дейм. Мен бир таштын үстүндөгү маймыл адаммын.,anger,OK,
edzlp7j,Uhh...weird flex but ok?,"Уу... странный флекс, бирок окей?",anger,OK,
eeohv3v,so abused...,ушунчалык кордолгон...,anger,OK,
eewiqv8,this is so niche but i still felt that shit in my bones,"бул абдан тар тема, бирок мен буну сөөккө чейин сездим",anger,OK,
ed7mv68,"Saying ""don't come into this subreddit just to start arguments about politics"" isn't intolerance.","""Бул сабредитке саясат боюнча талаш баштоо үчүн гана кирбегиле"" деп айтуу — бул чыдамсыздык эмес.",anger,OK,
ef91h14,"Yeah, but geology doesn't provide enough pumped hydro. Not enough places to do it.","Ооба, бирок геология жетиштүү суу электр станцияларын камсыздай албайт. Аны кылуу үчүн жетиштүү жер жок.",anger,Minor edit,«pumped hydro» = насосту гидроаккумуляция; «суу электр станциялары» неточно
eczsg35,Same but I'm not really believing the OP isn't a troll.,"Мен дагы, бирок ОПтун тролль эместигине чындап ишенбей жатам.",anger,OK,
ed497m1,This sounds like a toxic relationship for the both of you. Seems miserable... I'd hate to be in that relationship,Бул экөөңөр үчүн да токсикалык мамиледей угулат. Азаптуу... Мен андай мамиледе болгум келмек эмес,anger,OK,
edrn7cs,I came here for this. You and your fancy teeth filled with toxic PFAS can bite me!,Мен дал ушул үчүн келдим. Сен жана PFAS уусу менен толгон жалтыраган тиштериң мени тиштей бериңер!,anger,OK,
edzhlu9,"Maybe you're just extremely boring and bland, and outright refuse to learn to take photos that don't suck. ","Балким сен жөн эле өтө зерикчилик жана жансызсың, жана начар эмес сүрөт тартууну үйрөнүүдөн такыр баш тартасың.",anger,OK,
edtvmq5,Heaven forbid you do some actual research.,"Кудай сактасын, чыныгы изилдөө жасап коёсуңбу.",anger,Minor edit,Сарказм оригинала немного ослаблен
edbwmhc,I still think we didn't give the guy a fair shot to coach.,"Мен дагы эле ойлойм, биз ага машыктыруучу катары адилеттүү мүмкүнчүлүк берген жокпуз.",anger,OK,
ed9a305,I hate that you've forced me to deal with a reality I've been blissfully ignoring.,Бактылуу түрдө этибарга албай жүргөн чындыкка мени мажбурлаганыңды жек көрөм.,anger,OK,
edptqo7,I had so many bad Supercuts haircuts that I cringe when I look at the place and go to a fancy schmancy salon exclusively.,"Мен Supercuts'тан ошончо начар чач алдым, ошол жерге карасам жийиркеним келет, эми болсо жалаң гана шыктуу салондорго барам.",anger,OK,
ef0xcg0,I would not recommend contacting her. That would probably creep her out.,Аны менен байланышпоону сунуштайм. Ал аны кыйла коркутуп жибериши мүмкүн.,anger,OK,
efberzy,Kinda weird to continuously shoot at Police too...,Полицияга дагы тынымсыз атып туруу — бир аз жини келтире...,anger,Minor edit,«жини келтире» добавляет интерпретацию; оригинал просто «kinda weird»
eestktk,I regret my psycho ex. Does that mean I was raped? Or do the rules not apply because I'm a man?,Психо эксиме өкүнөм. Бул мен зордуктатканым дегенби? Же эркек болгондуктан эрежелер мага жүрбөйбү?,anger,OK,
ed6alk2,"I know you're annoyed, but can this sub not be a place to post screenshots of poor opinions from the other sub? It's getting overwhelming.","Нааразы экениңди түшүнөм, бирок бул саб башка сабдан жаман пикирлердин скриншотторун жайгаштырууга орун болбосун? Кудум ашыкча болуп баратат.",anger,Minor edit,«Кудум» — нестандартное/ошибочное слово
ef4rtbb,It's been a while since I watched anything from WWE and new [NAME] looks like the homeless version of old Lince Dorado.,"Мен WWE көргөнүмө бир топ убакыт болду, жаңы [АТ] эски Линсе Дорадонун бездомный версиясына окшош.",anger,Minor edit,«бездомный» — русизм; лучше «үйсүз»
ee62djx,Dammit as a mom of boys that made me straight up tear up,"Ай, теңир-ай, уул балдардын энеси катары бул мени дароо ыйлатып жиберди.",anger,OK,
eezeps2,"Go your own way, loser. ","Өз жолуңа жүр, жеңилгич.",anger,OK,
ed6zj4u,What in the fuck was [NAME] doing there,"[АТ] ал жерде эмне кылып жүргөн болду эле, жын урган",anger,OK,
edhh6qa,You fucked up. You trusted them.,Опурулдуң. Аларга ишендиң.,anger,OK,
ef747g4,There's a difference between rights and law. Stop conflating the two.,Укуктар менен мыйзамдын ортосунда айырма бар. Аларды аралаштырбагыла.,anger,OK,
eeamz5c,That one pesky drop of water was in it for the long haul.,Ал бир тынчысыз суу тамчысы узунга чейин кармап турду.,anger,OK,
eeboyto,That IS crazy!,Бул ЧЫН ЭЛЕ акылдан адашкандык!,anger,OK,
eejrwhw,Sounds like he dodged a bullet. You're kinda dumb.,"Окшойт, ал кырсыктан кутулуп калган. Сен бир аз аңкоосуң.",anger,OK,
eezso4p,that's not split pushing. split pushing is literally pushing 2 lanes at once.,"бул сплит пуш эмес. сплит пуш — бул тууп айтканда, 2 жолду бир убакта итеруу.",anger,OK,
efe5qy5,I know a dozen local school administrators. What the hell are you talking about?,Жергиликтүү мектеп директорлорунун бир нечесин жакшы билем. Эмне деп жатасың дейм?,anger,OK,
ed6mamx,Omg this is repulsive,"Оо кудай-ай, бул жийиркеничтүү",disgust,OK,
ed6l8a7,He must smell terrible when he sweats. That's honestly pretty gross.,Ал тердегенде жаман жытанса керек. Бул чынында эле жийиркеничтүү.,disgust,OK,
edrruee,What a load of crap !!,Кандай бош сөз!!,disgust,Minor edit,«бош сөз» (пустые слова) не передаёт грубость «crap»
efaw6hi,That looks disgusting.,Бул жийиркеничтүү көрүнөт.,disgust,OK,
ed9bbey,Tkachuk - Pageau - Stone is going to be our second line. Absolutely filthy.,Ткачук - Пажо - Стоун биздин экинчи звенобуз болот. Абдан клас.,disgust,OK,Сленг «filthy» = круто — верно передан
eeaopd2,"If you are as ugly as you say you are, you're already a statistical outlier.","Эгер өзүң айткандай эле чиркин болсоң, анда сен буга чейин эле статистикалык өзгөчөлүк болосуң.",disgust,OK,
efer7qg,Hallmark movies are the worst culprits.,Hallmark тасмалары — эң жаман күнөөкөрлөр.,disgust,OK,
eelju7z,"Even if you were a woman, your personality is so vile and yuck I would happily do 20 years in prison for murdering you.","Аял болсоң дагы, сенин мүнөзүң ушунчалык жийиркеничтүү жана тажаатмал, мен сени өлтүрүп 20 жыл камакта отурганга кубанып макул болмокмун.",disgust,OK,
ef5d6ib,"It's a self-identifying group, and they have killed quite a bit of people in their crusade for revenge. It's both absolutely pathetic and absolutely terrifying.","Бул өзүн-өзү аныктаган топ, алар өч алуу крест жүрүшүндө бир топ адамдарды өлтүрүштү. Бул бир эле учурда абдан аянычтуу жана абдан коркунучтуу.",disgust,OK,
ed85eg7,That explains an awful lot about ICP.,Бул ICP жөнүндө абдан көп нерсени түшүндүрөт.,disgust,OK,
edg8cja,"Those floors with *that* paneling? Ugh! Disgusting!",Ошол панелдер менен ошол пол? Тьфу! Жийиркеничтүү!,disgust,OK,
edj3z4d,That might've been the worst pass he's ever thrown. Yikes,Бул балким ал ыргыткан эң начар пас болгондур. Вай.,disgust,OK,
ef68izp,dae [NAME] IS MOMMY FUCK MY ASS WITH A BACKHOE MOTHER YES GAWD *tongue pop* WHAT A TALENTED ACTRESS BUT ALSO PARENTAL FIGURE,dae [АТ] — БУЛ МЕНИН АПАМ ЭКСКАВАТОР МЕНЕН АРТЫМДЫ ТЕСИП БЕР ИЯ АЛЛА *тил чак* МЫНЧА ТАЛАНТТУУ АКТРИСА БОЛГОНУНАН ТЫШКАРЫ ЭНЕ СЫМАЛ ДА,disgust,OK,
eemgjst,But really Vanilla Ice is scum RIP [NAME] and [NAME],Чынында эле Vanilla Ice — таштанды. RIP [АТ] жана [АТ],disgust,OK,
eeq1s35,The irony that most of these disgusting things wouldn't have made it through the winter without vaccines,Ирония мында: бул жийиркеничтүү нерселердин көпчүлүгү вакцинасыз кышты аман өткөрө алмак эмес болчу.,disgust,OK,
ef323i6,I cant't stand mint flavored toothpaste. That's how much I hate mint.,Жалбыз даамдуу тиш пастасын туталана албайм. Жалбызды ушунчалык жек көрөм.,disgust,OK,
eda0l6x,Sign my name to it too lol it was so awful we deserve pain and suffering for that!,"Менин атымды да жаз лол, бул ушунчалык жаман болду, биз муну үчүн азап тартышыбыз керек!",disgust,OK,
ed48eyg,Freedom? Not in New 2013 and it's gotten a lot worse since,Эркиндик? New 2013те жок жана ошондон бери дагы начарлап кетти,disgust,OK,
eeo0313,"Minor league team names are often embarrassing...Biscuits, Rumble Ponies, Sand Gnats. Baby Cakes is particularly awful though, I'll grant you that.","Кичи лига командаларынын аттары көп учурда уятсыз болот... Biscuits, Rumble Ponies, Sand Gnats. Бирок Baby Cakes өзгөчө жаман, муну моюнга алам.",disgust,OK,
ed9sskp,It doesn't surprise me given that this is the kind of establishment where staff rape the coma patients.,"Бул мени таң калтырбайт, анткени бул — кызматкерлери комадагы бейтаптарды зордуктаган мекеме.",disgust,OK,
ee10re6,It's a song reference. The lyrics were awkward so one of my FB friends made a meme,"Бул ырдагы сөз. Сөздөр чаташкан болгондуктан, FB досторумдун бири мем жасады.",disgust,OK,
ef3c7mp,"Dear [NAME], please help [NAME] be less disgusting. Amen.","Урматтуу [АТ], [АТ]га азыраак жийиркеничтүү болууга жардам бер. Аамин.",disgust,OK,
ee0bgdu,"At the time, pregnancy out of wedlock was a stoning for having extra marital sex. ",Ал учурда никесиз кош бойлуулук — зина үчүн ташка чабуу дегенди билдирчү.,disgust,OK,
edqssue,There is nothing more disgusting than those who put children in danger unless it is the people who allow them to do more harm.,"Балдарды коркунучка салгандардан жийиркеничтүүрөөк эч нерсе жок, бирок аларга зыян келтирүүгө жол бергендер андан да жаман.",disgust,OK,
ee7xp7i,That's awful. But I am proud of you for calling him out.,Бул жаман. Бирок аны бетине айтканың үчүн сага сыймыктанам.,disgust,OK,
eegu2k6,I would of taken a shit in the woods real quick,Мен ошол замат токойго барып тез эле дааратымды кылып алмак элем.,disgust,OK,
edx70vs,I woke up drunk and mouthy,Маст жана тилим узун болуп ойгондум,disgust,OK,
eevmp24,This is the worst take I have ever heard on cooking ever.,"Бул мен тамак-аш жөнүндө укканымдын эң жаман пикири, эч качан мындай болгон эмес.",disgust,OK,
efgmdmv,"the trajectory of that is really weird! But [NAME], that guys arm, hand, possibly head is not liking the next .01 second!","Анын траекториясы чындап кызык! Бирок [АТ], ал жигиттин колу, билеги, мүмкүн башы кийинки 0.01 секундду жактырбай жатат!",disgust,OK,
ee3bafn,"Oh so you're being a troll, good to know.. I actually thought for a second that disgusting, freak couples like y'all actually existed","Оо, демек сен тролль болуп жатасың, жакшы болду.. Мен бир секундага силердей жийиркеничтүү, фрик жуптар чындап бар деп ойлодум",disgust,OK,
ef9txwa,Long straight hair on the face is going to look quite odd I would guess.,Бетке узун түз чач абдан сейтик көрүнсө керек деп ойлойм.,disgust,OK,
eej845f,"it only flatters them when they're posed a certain way. but other than that, it looks awful and uncomfortable","Ал аларга белгилүү бир позада турганда гана жарашат. Бирок башка учурда, ал коркунучтуу жана ыңгайсыз көрүнөт.",disgust,OK,
eepsm4t,You're gross,Сен жийиркеничтүүсүң,disgust,OK,
edj136y,I feel like they're blaming the school for them doing exactly the right thing.,Алар мектепти туура иш кылганы үчүн айыптап жатышат окшойт.,disgust,OK,
edh0e8f,he is a very dangerous man,ал өтө коркунучтуу адам,fear,OK,
ef5nlo9,I'm afraid of having a sit down with them amd not being heard. But I might have to for my safety.,"Алар менен отуруп сүйлөшүп, угулбай калуудан коркуп жатам. Бирок коопсуздугум үчүн муну кылышым керек болушу мүмкүн.",fear,OK,
ed61c03,I took a picture of a farmer treating his crops with roundup yesterday.. it was horrifying,Кечээ бир дыйкан өсүмдүктөрүн раундап менен иштеп жаткан учурда сүрөт тарттым.. коркунучтуу болду,fear,OK,
eejo7ob,My greatest fears are getting wooshed and not getting the joke.,"Менин эң чоң коркунучтарым — шутканы жиберип алып, аны эч түшүнбөй калуу.",fear,OK,
eel1j5c,"I worry that as soon as VR and AR take off, it'll be the nail in the coffin and we will be trapped.","VR менен AR кеңири жайыла баштаганда, бул биз үчүн акыркы мых болуп, тузакка түшүп калабыз деп коркобуз.",fear,OK,
eeaqrj7,It's riskier to take on bad contracts right now,Азыр начар келишимдерди алуу дагы тобокелдүү,fear,OK,
eehpn6k,I know 😢 it's one of my life's goals to see a moose in real life despite how terrified I will be lol!!,"Билем 😢 канчалык коркутса да, реалдуу жашоодо лось көрүү — менин өмүрлүк максаттарымдын бири, лол!!",fear,OK,
ef6qxnr,HHahah. Right? I'm scared,Хахах. Туура го? Мен да коркуп жатам,fear,OK,
edtowbj,Conversion to make gay people straight. It's horrifying,Геилерди гетеросексуалга айландыруу конверсиясы. Бул коркунучтуу.,fear,OK,
eex2gov,Probably. Government contracts are already terrible as they rarely pay on time,Балким. Мамлекеттик контракттар болгону жаман — убагында акча төлөшпөйт.,fear,Minor edit,«болгону» не точно передаёт «already»
eeo4b7n,"Couldn't really fit this as a ""how to,"" does that mean I have to go to jail now? Source: ","Муну чындап ""кантип жасоо"" форматына кийгизе алган жокмун, эми мага түрмөгө отурушум керекпи?",fear,OK,
eeafduc,"Either way, I am afraid his marriage is over. She doesn't respect him anymore...","Кандай болбосун, анын үй-бүлөсү бүттү деп коркуп жатам. Ал аны мындан ары урматтабайт...",fear,OK,
eeljynq,What a terrible list,Канчалык жаман тизме.,fear,OK,
eeldfra,I thought this was a torb skin and I was about to die,"Мен муну торб скин деп ойлодум, дээрлик өлүп кетчүдөй болдум",fear,OK,
eewwhiz,[NAME] is scary,[АТ] коркунучтуу,fear,OK,
edy973x,Maybe so. Should I try to ask her about it? I'm worried that will only scare her more,Мүмкүндүр. Ал тууралуу андан сурап көрүшүм керекпи? Бул аны дагы коркутуп коёт деп кооптонуп жатам,fear,OK,
ed2rftc,Disney World/Land or NYE at Time's Square have always made me nervous.,Disney World/Land же Таймс-Скверде Жаңы жыл дайыма мени нервдентирип келген.,fear,OK,
ed23i73,[NAME] combat is terrible and the only reason I don't play it anymore,"[АТ] жекпе-жеги жаман, ошондуктан мен аны эми ойнобойм",fear,OK,
eevbr0g,Oh [NAME] that was horrible,"Ой, [АТ], бул жаман болду да",fear,OK,
edqs4tt,"I mean this in the least creepy way possible, tell me how it works out NO DETAILS PLEASE GOD NO","Муну мүмкүн болушунча жийиркеничтүү эмес маанисинде айтып жатам — кандай аяктаганын айт, БИРОК ЭЧ ДЕТАЛЬ ЖОКК КУДАЙЫМ ЖОКК",fear,OK,
ee1r7x8,She's horrible,Ал жаман,fear,OK,
ef5ciit,Intentionally frightening the Queen is an indictable offence. (Max 14 years) Criminal Code,Королевага атайылап коркунуч туудуруу — сотко берилүүчү укук бузуу. (Макс. 14 жыл) Кылмыш кодекси,fear,OK,
ed22gpz,Wait for real? That's how they met? lol that's both terrifying and completely fitting considering how nuts they both are,"Чынбы эле? Алар ошентип таанышкан беле? лол, бул коркунучтуу да, бирок тим эле туура — экөөнүн тең чалкан экенин эске алсак",fear,OK,
eddqd0h,Probably scared they're gonna get flashed by a camera.,Камера жарык чагылдырып алат деп коркуп жатышса керек.,fear,OK,
ed6q46k,I'm getting worried,Мен тынчсызданып баратам,fear,OK,
edqgi71,That's horrible. Only religion could make an otherwise normal person want to show a torture and murder video to a child.,Жаман. Дин гана кадимки адамды балага кыйноо жана өлтүрүү видеосун көрсөтүүгө мажбур кыла алат.,fear,OK,
edax07j,Seriously Creepy.,Чындап эле кооркунучтуу.,fear,Minor edit,Опечатка: «кооркунучтуу» → «коркунучтуу»
edi3w9p,"Anti-vaxers aren't funny anymore, now they're just scary...","Вакцинага каршылар эми күлкүлүү эмес, азыр алар жөн эле коркунучтуу...",fear,OK,
ee6sf8x,Bedside report is terrible.,Оорулунун жанындагы отчет жаман.,fear,OK,
edummv2,"Aha! This is my fear, that the gloss over key elements because they want to target a wider audience!",Аха! Менин коркунучум дал ушул — алар кеңири аудиторияга жетүү үчүн негизги элементтерди жашырып коёт!,fear,OK,
eetjm9k,Worrying what other people think is what collectivists have brainwashed you to think and feel. You are just a coward making excuses for your cowardice.,"Башкалардын эмне ойлоганына кабатырлануу — бул коллективисттер мээңди жуугандын натыйжасы. Сен жөн гана коркок болуп, коркоктугуңа шылтоо издеп жатасың.",fear,OK,
ed4bf6i,"Yeah that's one of the things I'm most worried about, still hopeful!","Ооба, бул мени эң көп тынчсыздандырган нерселердин бири, дагы эле үмүттүмүн!",fear,OK,
edhmved,That ice is dangerously thin for such a hot take.,"Мындай катуу пикир айтуу үчүн муз өтө жука, ойлон.",fear,Minor edit,«ойлон» добавлено; оригинал не содержит «think about it»
eepw0vr,I'm afraid it will eventually go that way.,Акыры ошол жакка барып калат деп коркуп жатам.,fear,OK,
eegnxi7,Love your username,Никиңди жакшы көрөм,joy,OK,
edotlwk,I've grown to love this idea the more I think about it. It'd be amazing if it came down to [NAME] and [NAME] as the final two,"Бул идеяны ойлонгон сайын барган сайын жактыра баштадым. Акыркы экөөсү [АТ] менен [АТ] болсо, укмуштуу болмок эле",joy,OK,
ee6megc,"Interesting, thanks!","Кызыктуу, рахмат!",joy,OK,
efgwcp4,"I didn't know that existed. Thanks, stranger.","Мындай нерсе барын билген эмем. Рахмат, бейтааныш.",joy,OK,
ef5knae,"I'm so happy to hear you've recovered. Can I ask: are you able to maintain a healthy, stable romantic relationship?","Айыгып кеткениңизге абдан кубандым. Сурасам болобу: ден соолуктуу, туруктуу романтикалык мамилени сактай аласызбы?",joy,OK,
efabn9i,Thank you. I really appreciate the help,Рахмат. Жардамыңды чын жүрөктөн баалайм.,joy,OK,
ef8fdtx,I laughed so hard.,Мен абдан катуу күлдүм.,joy,OK,
eec73kj,I am now weirdly aroused,Азыр мен кандайдыр кызыгып/козголуп кеттим,joy,Minor edit,Слэш «/» в переводе — неестественно для текста
eda8yr3,Also thank you for the link.,Шилтеме үчүн да рахмат.,joy,OK,
editvs0,[NAME] always makes my day when he's yelling at the refs,[АТ] рефериге кыйкырганда дайыма күнүмдү жарык кылат,joy,OK,
edprpzj,"ah, thanks!","аа, рахмат!",joy,OK,
eejatcj,If only I could bake a cake...or do anything productive when I'm feeling low confidence. I just lay in my bed and stop moving.,Өзүмдү ишенимсиз сезгенде торт бышырып же бир нерсе пайдалуу жасай алсам эле... Жөн гана жатып алам да кыймылдай бербейм.,joy,OK,
eetkmlr,"Lol valid question, but yes. We've been using the bf and gf terminology for about 5 months.","Лол туура суроо, бирок ооба. Биз бф жана гф терминдерин болжол менен 5 айдан бери колдонуп жатабыз.",joy,OK,
eczsbhe,"I love this meme, killem with memes","Бул мемди сүйөм, аларды мемдер менен жок кыл",joy,OK,
eez3dvy,I think it may be interesting if the public could vote for films.,"Менимче, жалпы коом фильмдерге добуш бере алса, кызыктуу болмок.",joy,OK,
ednqmrb,Wow. She just risked her life and interfered with the process of natural selection. Hopefully she gets eaten next time,Вау. Ал жаңы эле өз өмүрүн коркунучка тикти жана табигый тандалыш процессине кийлигишти. Кийинки жолу жеп коюшсун деп үмүттөнөм,joy,OK,
eeh1tbz,Yeah I meant it has a cork in it. Sorry for the confusion haha,"Ии, айтайын дегеним анын ичинде тыгын бар экен. Түшүнбөстүк үчүн кечирим хаха",joy,OK,
efdcz7e,OP literally said guys like [NAME] are not unicorns and not hard to find. They never said [NAME] was the ultimate standard lol,ОП түздөн-түз [АТ] сыяктуу жигиттер сейрек эмес жана табуу кыйын эмес деди. Алар эч качан [АТ] эң жогорку стандарт деген жок лол,joy,OK,
edluf0z,Thanks for sharing! I've got some smoothie recipes to start me out and the one I bought today at a local shop seemed to help a bit.,Бөлүшкөнүңүз үчүн рахмат! Баштоо үчүн смузи рецепттерим бар жана бүгүн жергиликтүү дүкөндөн сатып алганым бир аз жардам берди.,joy,OK,
edy9obj,"[NAME] was the 4th best RB in the game, behind [NAME], [NAME], and [NAME]","[АТ] оюндагы 4-орундагы RB болгон, [АТ], [АТ] жана [АТ]дан кийин.",joy,OK,
ef9x470,THIS. Thank you for this.,ДАЛ УШУ. Бул үчүн рахмат.,joy,OK,
edfsnyt,I like this area when I go to the aquarium. It's a nice rest spot,Аквариумга барганда бул жерди жакшы көрөм. Эс алуу үчүн сонун жер.,joy,OK,
edfxi3j,"Thanks man, likewise for you","Рахмат, досум, сага да ошондой",joy,OK,
ee0qtvd,Sounds good ya I'll have to listen to those. Thanks,"Жакшы угулат, ооба, аларды угушум керек. Рахмат",joy,OK,
eesv6eg,"Thank you, next! ","Рахмат, кийинкиси!",joy,OK,
eev9ogc,"I wish you luck anyway lmao, and don't think so down of yourself, i believe you'll do great ","Кандай болсо да ийгилик каалайм лмао, өзүңдү начарсытып ойлобо, сен чоң иш кыласың деп ишенем",joy,OK,
eda9ahb,I know right? Getting that wrong would've de-railed the joke.,"Туура дейсиңби? Аны туура эмес айтышса, чечмек бүт жок болуп кетмек эле.",joy,Minor edit,«чечмек» (загадка) вместо «joke» (шутка/тамаша)
edd3p8l,motivated me to get up and pet my boy [NAME]. we don't realize pets are fininte... i hope you find you peace,"мени ордумдан туруп, балам [АТ]ты жакшылап сыйпоого шыктандырды. Биз үй жаныбарларыбыздын убактылуу экенин сезбейбиз... тынчтыгыңды тапкайсың деп тилейм",joy,OK,
ef1je1r,"u/-adamsmith perfect troll account name, but at least he united all of r/MLS. Thanks for teaming up, everyone.","u/-adamsmith — идеалдуу тролль аккаунтунун аты, бирок жок дегенде ал бардык r/MLS'ти бириктирди. Бириккениңер үчүн рахмат, баарыңарга.",joy,OK,
eeg2k08,Let's all go to Dragon Laaaaaand!,Баарыбыз Dragon Lааааааandка барабыз!,joy,OK,
eev07fq,[NAME] is legit! Loving this move.,[АТ] чыныгы! Бул кадамды жактырып жатам.,joy,OK,
ee3fnf6,"Thank [NAME] you used this prequel quote and not, "You're exactly the way I remember you in my dreams."","[АТ], бул преквел цитатасын колдонгонуңарга рахмат, ""Сен кыялымда эстегендей эле экенсиң"" деп айтпадыңар.",joy,OK,
edm0jr1,I love the smell of Napalm in the morning,Мен эртең менен напалмдын жытын жакшы көрөм,joy,OK,
edlsc37,Just for recreational use? Glad you are having a change of mind though,Жөн гана эс алуу үчүн бе? Кандай болсо да пикириң өзгөргөнүнө кубандым,joy,OK,
eedj3c3,That's one of the only times I've ever felt bad for [NAME]. He was relentless and would not let it go!,"[АТ] үчүн жаман сезген бирден бир учурларымдын бири ошол болду. Ал кое бербеди, туруктуу болду!",sadness,OK,
ee7eze4,I wanna die I don't wanna live anymore I really wanna die so bad Please return me to the dark abyss I long for death's sweet kiss,"Өлгүм келет, жашагым жок, чынында эле өтө катуу өлгүм келет, мени кайра ошол карааңгы түпсүз тереңдикке кайтарып коюңдарчы, өлүмдүн таттуу өбүшүн зарыгып күтөм.",sadness,OK,
ed7cph7,"Where? Sorry, the link doesn't seem to work!","Кайда? Кечир, шилтеме иштебей жатат окшойт!",sadness,OK,
eeukvst,"Yeah probably should've chosen a better sub, but I couldn't think of one","Ооба, жакшыраак sub тандаш керек болчу, бирок башка эч нерсе акылыма келген жок",sadness,OK,
ed6d6jc,"Honestly just tired of this shit, people who'd rather see us tank than push for playoffs. Literally want us to be the fucking Suns.","Чынын айтсам, бул балаадан тажадым, плейоффко жетүүнүн ордуна биздин батып кетишибизди каалаган адамдар. Биздин каарат Suns болушубузду каалашат.",sadness,Minor edit,«каарат» нестандартное слово; смысл неясен
ee405os,"[NAME] didn't contribute anything! [NAME] or [NAME], please come back. At they least you do something on the court!","[АТ] эч нерсе кылган жок! [АТ] же [АТ], кайткыла. Жок дегенде сиздер аянтта бир нерсе кыласыңар!",sadness,OK,
eejxnps,Sadly this is not a new issue for Ukraine. Please take a moment to remember Babi Yar :(,"Тилекке каршы, бул Украина үчүн жаңы маселе эмес. Бир азга Бабий Яр жөнүндө эстеп коюңуздар :(",sadness,OK,
edl1m1q,Aw poor kid. At least he has a bomb-ass name. Too bad he probably doesn't remember it anymore.,"Оо, бечара бала. Жок дегенде атынын аты зор. Жаман болду, ал аны мындан ары эстебейт окшойт.",sadness,Minor edit,«атынын аты» — тавтология (имя имени); лучше «аты зор»
ef1aht3,"I'm sad, but I just want a new Metroid game, and if this is what it takes to make it great then I understand","Капалуумун, бирок жаңы Metroid оюнун гана каалайм, эгер ушул аны мыкты кылуу үчүн керек болсо, анда түшүнөм.",sadness,OK,
ed9x7dz,"I was so hyped after the zach shot, I'm still crying ","Зактын голунан кийин ушунчалык козголуп кеттим, дагы деле ыйлап жатам",sadness,OK,
eelv7yt,I am sorry but you have to accept your reality. Thare ain't nobody here who can help you on this problem. Just call 병무청 ASAP,"Кечирип кой, бирок өз чындыгыңды кабыл алышың керек. Бул маселеде сага жардам бере ала турган эч ким жок. 병무청га мүмкүн болушунча тез чал",sadness,OK,
ee2r5yl,I'm sad that I gave that shit article a page view.,Ошол сасыган макалага бир просмотр бергениме өкүнөм.,sadness,OK,
eda0hww,[NAME] and the Chicago Wolves (I'm so sorry),[АТ] жана Chicago Wolves (абдан кечирем),sadness,OK,
eemrrt5,"Huh, I'd missed this one when looking for new games a few months back. Might have to give it a try.","Э, бир нече ай мурун жаңы оюндарды издегенде муну өткөрүп жибериппин. Бир синап көрүш керек болор.",sadness,OK,
ee6wc1x,"Sorry, I'm just so hungry right now ","Кечир, мен азыр абдан ачка болуп жатам",sadness,OK,
ednzonf,"I sit on one of my legs. I always have my other leg weirdly sticking out. Like I'm trying to crouch, but failing.","Мен бир бутумда отурам. Экинчи бутум дайыма кандайдыр бир жол менен сыртка чыгып турат. Чокчойгум келгендей, бирок болбогондой.",sadness,OK,
eenee7d,There's a big difference between "I felt bad for her but there was nothing I could do" and "not my problem.","""Мен аны үчүн кейидим, бирок эч нерсе кыла алчу эмесмин"" менен ""менин ишим эмес"" деген сөздөрдүн ортосунда чоң айырма бар.",sadness,OK,
eeu9ykt,At least you can admit you missed it,Жок дегенде сагынганыңды моюнуна алаласың,sadness,OK,
ef83wkk,Be adult Pay taxes to govt Be deemed incompetent by people with different views Feels bad,Чоңой Өкмөткө салык төлө Башка көз карашта адамдар тарабынан некомпетенттүү деп эсептел Жаман сезилет,sadness,OK,
edsjq7t,Sorry for your loss mate,"Жоготконуңа кайгырам, дос",sadness,OK,
ee73c3l,And those poor kids are still paying for it. And we have actual grown adults that are bullying them even today.,"Ал байкуш балдар дагы эле муну төлөп жатышат. Жана бизде чыныгы чоңойгон кишилер бар, алар ошол балдарды бүгүн да булингге кабылтып жатышат.",sadness,OK,
edcjfei,Can't relate because the sadness and loneliness is constant 😎,"Түшүнө албайм, анткени кайгы жана жалгыздык дайыма менен 😎",sadness,OK,
ee38t1y,this literally made me sick to my stomach,бул мени сөзмө-сөз жүрөгүмдү айлантып жиберди,sadness,OK,
ededips,"Right on [NAME] having a big year, but [NAME] was super disappointing this year.","[АТ] үчүн чоң жыл болду, туура, бирок [АТ] быйыл абдан көңүлдү калтырды.",sadness,OK,
eenim63,"screw up phrasal verb of screw INFORMAL•NORTH [NAME] completely mismanage or mishandle a situation. ""I'm sorry, [NAME], I screwed up"" Is a murder mishandling a situation?","Screw up — фразалык этиш. СЛЕНГ•[АТ] кырдаалды толугу менен бузду же туура башкара алган жок. ""Кечир, [АТ], мен бузуп жибердим"" — Киши өлтүрүү кырдаалды туура эмес башкаруубу?",sadness,OK,
eetpdun,You really shouldn't just pat wolves you know...,"Карагын, карышкырларды жөн эле сылабаш керек эле...",sadness,Minor edit,«сылабаш» нестандартная форма
eczwlf5,it's not but damn i'm sorry to hear how common this is,"жок, бирок каргыш, муну канчалык кеңири таралганын уккан өтө өкүнүчтүү",sadness,OK,
edjykp7,"You're just lonely, dude. Don't mix that feeling with love.","Сен жөн гана жалгызсың, досум. Ошол сезимди сүйүү менен аралаштырба.",sadness,OK,
ef9grtq,I never used the word mean. Chill. I said weak and it is. Its sad aswell.,"Мен эч качан ""жаман"" деп айткан эмесмин. Тынч бол. Мен ""алсыз"" дедим жана ошондой. Муңдуу да.",sadness,OK,
eejga22,Hurr durr everyone needs to worry about other people's problems,"Дурр дурр, баары башкалардын проблемаларына кабатыр болушу керек экен го",sadness,OK,
eeqokox,Still saddened by the fact that we never got to see prime [NAME] vs prime [NAME].,[АТ] жаш чагы менен [АТ] жаш чагынын кездешүүсүн эч качан көрө албаганыбыз үчүн азыр да ичим күйөт.,sadness,OK,
eenk9pr,Any time. I'm sorry you're going through this. Just don't drink your emotions like I did.,Каалаган убакта. Мунуну башынан өткөрүп жатканыңа өкүнөм. Жөн гана мен сыяктуу эмоцияларыңды ичпегин.,sadness,OK,
eefthh7,The lucky ones died quick,Бактылуулары тез өлдү,sadness,OK,
ef4jl0a,Wish they'd update Trapper's and Wraith's. They're so boring.,Trapper менен Wraith жаңыртылса экен. Алар абдан зерикчиликтүү.,sadness,OK,
ee6zjvq,Update: haven't been banned yet By the way when I stop these updates I've most likely been banned,"Жаңылык: азырынча бэн болгон жокмун. Айтмакчы, жаңылыктарды токтотсом — кыязы, бэнга кетиптирмин.",surprise,OK,
ednzc9u,"Last time I saw it tested, it beat BO4 and was on par with Fortnite","Акыркы жолу сынап көргөндө, ал BO4тү жеңип, Fortnite менен тең деңгээлде болгон.",surprise,OK,
eekbt52,"Just got back,amd I realized that The Ducks are getting clutterfuckedd","Жаңы эле кайттым, Дакстар такыр бытыраша баштаптыр",surprise,Minor edit,Обсценность оригинала («clutterfucked») не передана
eei2lpa,Oh my [NAME]. The hand mixer instead of forks. Shredding poultry is like my least favorite thing on Earth,"Оой, [АТ]. Суйручтун ордуна кол блендери. Куштун этин тытуу — жер жүзүндөгү эң жек көргөн ишим",surprise,OK,
eevib7h,I'm honestly shocked that the Bucks have more subs than us. I was surprised the Wolves had more too.,"Чынын айтсам, Бакстын бизден жазылуучусу көп экени мени чочутту. Волвстун да көп экени да таң калтырган.",surprise,OK,
ee1mlra,I still can't believe that dude in Whangarei is still allowed to run his business. I wonder how much longer he will keep it up.,Вангареидеги ал жигитке дагы эле бизнесин жүргүзүүгө уруксат берилип жатканына ишене алмакча эмесмин. Дагы канча убакыт созолонорун билбейм.,surprise,OK,
edvujn0,I think it is more likely that you simply do not know what science is.,"Менимче, сиз жөн гана илим деген эмне экенин билбейсиз.",surprise,OK,
edo5dsj,I'm wondering the same; something seems weird about that interpretation of the law,Мен да ошону ойлоп жатам; мыйзамдын бул жоруму бир аз кызык сезилет,surprise,OK,
eessfbc,Had a stroke reading these.,Булардан окуп инсульт алдым.,surprise,OK,
ef95upb,Because it seems like a first step on the same road that peope here have taken. I figured you have experience in the matter.,Анткени бул жерде адамдар жүргөн жолдун биринчи кадамына окшойт. Сенде бул маселеде тажрыйба бар деп ойлодум.,surprise,OK,
ee206iu,"OHHHHH! THAT ONE! Oh, *[NAME]*... ","ООООО! ОШО! Оо, *[АТ]*...",surprise,OK,
eeqirlp,"Us girls are taught to always be polite. Screw that, safety is more important.","Бизди, кыздарды, дайыма маданияттуу болууга үйрөтүшөт. Кой аны, коопсуздук маанилүүрөөк.",surprise,OK,
edumayn,"Youd be surprised how many times the ""hebephilia is not pedophilia"" argument comes up on reddit. ","Reddитте ""гебефилия — бул педофилия эмес"" деген талаш канча жолу чыгаарына таң каласың.",surprise,OK,
ef6iuic,The amount of hate that [RELIGION] people get in the world is absolutely staggering.,Дүйнөдө [RELIGION] адамдарга болгон жек көрүүнүн деңгээли чын эле укмуштуудай.,surprise,OK,
ee8k7h7,If it's fan made they deserve an award. Or money. Something. The score is strange though,"Эгер фандар жасаган болсо, алар сыйлыкка татыйт. Же акчага. Бир нерсеге. Бирок саундтрек бир өзгөчөрөөк экен",surprise,OK,
ed1901b,I think Voit hits 30+ so it's not impossible.,"Менимче, Войт 30дан ашыраат, демек мүмкүн эмес эмес.",surprise,OK,
eda94mn,"Wait, wut? I thought there was some sort of (2) term pledge from","Күт, эмне дейсиң? Мен (2) мөөнөткө убада берилген деп ойлогом...",surprise,OK,
ef6apnc,No because it's been a steady decline over 20 months.,"Жок, анткени 20 ай бою акырындап төмөндөп жатат.",surprise,OK,
eexwfnu,In America this guy would have been shot before he entered the door,Америкада бул жигитти эшикке кирүүгө жетпей эле атып салмак,surprise,OK,
ed3sh4v,To be fair I was in that crowd and there was barely any room to move.,"Чынын айтсам, мен да ошол топто болчумун жана жылгандай орун жок болчу.",surprise,OK,
edrc2lz,Wow. He might actually lose Iowa,Вау. Ал чын эле Айованы жоготушу мүмкүн.,surprise,OK,
edp6byt,I remember when reddit's default subs suddenly turned from [NAME] to [NAME] in a day.,Reddiттин демейки сабдашылары бир күндө [АТ]тан [АТ]ка өзгөрүп кеткенин эсиме алам.,surprise,OK,
ed2rcqa,"I know, right? Burger King is clearly superior. No wonder he is FA.","Ооба, туура! Бургер Кинг ачык-айкын жакшыраак. Анын эркин агент болгону таң калыштуу эмес.",surprise,OK,
eeul2oi,I think they're gonna keep her a surprise.,"Менимче, алар аны сюрприз катары сакташат.",surprise,OK,
edqzxj4,In the first combo if you just do the b+k instead of even bothering to kick it does 1 more damage Not much obviously but yeah just a thought,"Биринчи комбода тебүүгө убара болбостон жөн гана b+k жасасаң, 1 зыян көбүрөөк болот. Анчалык эмес дейли, бирок ооба, ой жүгүрттүм эле",surprise,OK,
eeyoysk,I was wondering what that was!,Мен ал эмне экенин ойлонуп жаткам!,surprise,OK,
efde96j,Unexpected Hail corporate.,Күтүлбөгөн корпоратив жашасын.,surprise,OK,
edugdfu,> The defunct club still sit third in the overall NI league roll of honour despite not having competed for 70 years. Wow,"Бул клуб 70 жыл бою жарышка катышкан эмес, бирок Түндүк Ирландия лигасынын жалпы сый тизмесинде дагы эле үчүнчү орунда турат. Вааау",surprise,OK,
edfn75p,That dress is made with industrial strength lycra/polyester and thread. I'm amazed it didn't blow up and kill innocent bystanders at the restaurant.,Ал көйнөк өнөркасіптік лайкра/полиэстер жана жиптен тигилген. Ресторандагы бейгүнөө адамдарды жарылып жок кылбай койгонуна таң калам.,surprise,Minor edit,«өнөркасіптік» — казахское написание; по-кыргызски «өнөр жайлык»
ee51k43,It happens to me in relatively short streaks last one 13 days and I noticed it was a bit yellow,"Бул мага салыштырмалуу кыска аралыктарда болот, акыркысы 13 күн болду жана бир аз сарыгып жатканын байкадым",surprise,OK,
