model,layer,pair,rsa_rho
Gemma 4 E4B,0,EN–RU,0.8406
Gemma 4 E4B,0,EN–KY,0.8267
Gemma 4 E4B,0,RU–KY,0.8397
Gemma 4 E4B,1,EN–RU,0.7649
Gemma 4 E4B,1,EN–KY,0.6978
Gemma 4 E4B,1,RU–KY,0.7561
Gemma 4 E4B,2,EN–RU,0.8469
Gemma 4 E4B,2,EN–KY,0.7826
Gemma 4 E4B,2,RU–KY,0.797
Gemma 4 E4B,3,EN–RU,0.8816
Gemma 4 E4B,3,EN–KY,0.7766
Gemma 4 E4B,3,RU–KY,0.8002
Gemma 4 E4B,4,EN–RU,0.8843
Gemma 4 E4B,4,EN–KY,0.8351
Gemma 4 E4B,4,RU–KY,0.842
Gemma 4 E4B,5,EN–RU,0.8307
Gemma 4 E4B,5,EN–KY,0.7751
Gemma 4 E4B,5,RU–KY,0.7856
Gemma 4 E4B,6,EN–RU,0.812
Gemma 4 E4B,6,EN–KY,0.7779
Gemma 4 E4B,6,RU–KY,0.7903
Gemma 4 E4B,7,EN–RU,0.7492
Gemma 4 E4B,7,EN–KY,0.7279
Gemma 4 E4B,7,RU–KY,0.7235
Gemma 4 E4B,8,EN–RU,0.7344
Gemma 4 E4B,8,EN–KY,0.691
Gemma 4 E4B,8,RU–KY,0.688
Gemma 4 E4B,9,EN–RU,0.5997
Gemma 4 E4B,9,EN–KY,0.5175
Gemma 4 E4B,9,RU–KY,0.5189
Gemma 4 E4B,10,EN–RU,0.7243
Gemma 4 E4B,10,EN–KY,0.6425
Gemma 4 E4B,10,RU–KY,0.6479
Gemma 4 E4B,11,EN–RU,0.7488
Gemma 4 E4B,11,EN–KY,0.6943
Gemma 4 E4B,11,RU–KY,0.7017
Gemma 4 E4B,12,EN–RU,0.7466
Gemma 4 E4B,12,EN–KY,0.6721
Gemma 4 E4B,12,RU–KY,0.6807
Gemma 4 E4B,13,EN–RU,0.7353
Gemma 4 E4B,13,EN–KY,0.656
Gemma 4 E4B,13,RU–KY,0.6642
Gemma 4 E4B,14,EN–RU,0.7049
Gemma 4 E4B,14,EN–KY,0.6305
Gemma 4 E4B,14,RU–KY,0.6286
Gemma 4 E4B,15,EN–RU,0.6351
Gemma 4 E4B,15,EN–KY,0.5992
Gemma 4 E4B,15,RU–KY,0.5927
Gemma 4 E4B,16,EN–RU,0.6296
Gemma 4 E4B,16,EN–KY,0.6313
Gemma 4 E4B,16,RU–KY,0.6313
Gemma 4 E4B,17,EN–RU,0.5802
Gemma 4 E4B,17,EN–KY,0.6137
Gemma 4 E4B,17,RU–KY,0.6049
Gemma 4 E4B,18,EN–RU,0.4825
Gemma 4 E4B,18,EN–KY,0.4425
Gemma 4 E4B,18,RU–KY,0.4505
Gemma 4 E4B,19,EN–RU,0.4239
Gemma 4 E4B,19,EN–KY,0.4061
Gemma 4 E4B,19,RU–KY,0.4162
Gemma 4 E4B,20,EN–RU,0.5001
Gemma 4 E4B,20,EN–KY,0.4938
Gemma 4 E4B,20,RU–KY,0.5173
Gemma 4 E4B,21,EN–RU,0.6229
Gemma 4 E4B,21,EN–KY,0.5892
Gemma 4 E4B,21,RU–KY,0.6106
Gemma 4 E4B,22,EN–RU,0.6098
Gemma 4 E4B,22,EN–KY,0.5764
Gemma 4 E4B,22,RU–KY,0.5915
Gemma 4 E4B,23,EN–RU,0.6484
Gemma 4 E4B,23,EN–KY,0.6378
Gemma 4 E4B,23,RU–KY,0.6179
Gemma 4 E4B,24,EN–RU,0.6544
Gemma 4 E4B,24,EN–KY,0.5618
Gemma 4 E4B,24,RU–KY,0.5973
Gemma 4 E4B,25,EN–RU,0.6468
Gemma 4 E4B,25,EN–KY,0.5318
Gemma 4 E4B,25,RU–KY,0.5731
Gemma 4 E4B,26,EN–RU,0.6225
Gemma 4 E4B,26,EN–KY,0.4931
Gemma 4 E4B,26,RU–KY,0.5149
Gemma 4 E4B,27,EN–RU,0.6114
Gemma 4 E4B,27,EN–KY,0.4787
Gemma 4 E4B,27,RU–KY,0.4967
Gemma 4 E4B,28,EN–RU,0.6768
Gemma 4 E4B,28,EN–KY,0.5575
Gemma 4 E4B,28,RU–KY,0.5742
Gemma 4 E4B,29,EN–RU,0.6599
Gemma 4 E4B,29,EN–KY,0.5561
Gemma 4 E4B,29,RU–KY,0.5879
Gemma 4 E4B,30,EN–RU,0.6652
Gemma 4 E4B,30,EN–KY,0.6236
Gemma 4 E4B,30,RU–KY,0.6464
Gemma 4 E4B,31,EN–RU,0.7129
Gemma 4 E4B,31,EN–KY,0.6391
Gemma 4 E4B,31,RU–KY,0.6781
Gemma 4 E4B,32,EN–RU,0.6931
Gemma 4 E4B,32,EN–KY,0.6278
Gemma 4 E4B,32,RU–KY,0.659
Gemma 4 E4B,33,EN–RU,0.698
Gemma 4 E4B,33,EN–KY,0.6359
Gemma 4 E4B,33,RU–KY,0.6476
Gemma 4 E4B,34,EN–RU,0.7126
Gemma 4 E4B,34,EN–KY,0.6373
Gemma 4 E4B,34,RU–KY,0.651
Gemma 4 E4B,35,EN–RU,0.6931
Gemma 4 E4B,35,EN–KY,0.6074
Gemma 4 E4B,35,RU–KY,0.6169
Gemma 4 E4B,36,EN–RU,0.6983
Gemma 4 E4B,36,EN–KY,0.6602
Gemma 4 E4B,36,RU–KY,0.6527
Gemma 4 E4B,37,EN–RU,0.6891
Gemma 4 E4B,37,EN–KY,0.6362
Gemma 4 E4B,37,RU–KY,0.6352
Gemma 4 E4B,38,EN–RU,0.672
Gemma 4 E4B,38,EN–KY,0.6143
Gemma 4 E4B,38,RU–KY,0.6142
Gemma 4 E4B,39,EN–RU,0.6824
Gemma 4 E4B,39,EN–KY,0.6194
Gemma 4 E4B,39,RU–KY,0.6218
Gemma 4 E4B,40,EN–RU,0.6883
Gemma 4 E4B,40,EN–KY,0.6259
Gemma 4 E4B,40,RU–KY,0.6249
Gemma 4 E4B,41,EN–RU,0.7106
Gemma 4 E4B,41,EN–KY,0.6511
Gemma 4 E4B,41,RU–KY,0.6619
Gemma 4 E4B,42,EN–RU,0.7223
Gemma 4 E4B,42,EN–KY,0.6277
Gemma 4 E4B,42,RU–KY,0.6966
Qwen3-8B,0,EN–RU,0.7439
Qwen3-8B,0,EN–KY,0.7009
Qwen3-8B,0,RU–KY,0.7145
Qwen3-8B,1,EN–RU,0.7905
Qwen3-8B,1,EN–KY,0.6995
Qwen3-8B,1,RU–KY,0.7341
Qwen3-8B,2,EN–RU,0.6702
Qwen3-8B,2,EN–KY,0.5979
Qwen3-8B,2,RU–KY,0.6929
Qwen3-8B,3,EN–RU,0.5953
Qwen3-8B,3,EN–KY,0.5259
Qwen3-8B,3,RU–KY,0.6431
Qwen3-8B,4,EN–RU,0.6109
Qwen3-8B,4,EN–KY,0.5531
Qwen3-8B,4,RU–KY,0.6522
Qwen3-8B,5,EN–RU,0.682
Qwen3-8B,5,EN–KY,0.607
Qwen3-8B,5,RU–KY,0.6926
Qwen3-8B,6,EN–RU,0.7978
Qwen3-8B,6,EN–KY,0.7158
Qwen3-8B,6,RU–KY,0.7653
Qwen3-8B,7,EN–RU,0.7161
Qwen3-8B,7,EN–KY,0.716
Qwen3-8B,7,RU–KY,0.7683
Qwen3-8B,8,EN–RU,0.7298
Qwen3-8B,8,EN–KY,0.7184
Qwen3-8B,8,RU–KY,0.7643
Qwen3-8B,9,EN–RU,0.7368
Qwen3-8B,9,EN–KY,0.698
Qwen3-8B,9,RU–KY,0.7447
Qwen3-8B,10,EN–RU,0.7383
Qwen3-8B,10,EN–KY,0.6792
Qwen3-8B,10,RU–KY,0.7323
Qwen3-8B,11,EN–RU,0.7398
Qwen3-8B,11,EN–KY,0.6723
Qwen3-8B,11,RU–KY,0.7317
Qwen3-8B,12,EN–RU,0.7427
Qwen3-8B,12,EN–KY,0.6703
Qwen3-8B,12,RU–KY,0.7313
Qwen3-8B,13,EN–RU,0.7455
Qwen3-8B,13,EN–KY,0.6757
Qwen3-8B,13,RU–KY,0.7385
Qwen3-8B,14,EN–RU,0.7491
Qwen3-8B,14,EN–KY,0.6727
Qwen3-8B,14,RU–KY,0.7368
Qwen3-8B,15,EN–RU,0.746
Qwen3-8B,15,EN–KY,0.6705
Qwen3-8B,15,RU–KY,0.7364
Qwen3-8B,16,EN–RU,0.7431
Qwen3-8B,16,EN–KY,0.6681
Qwen3-8B,16,RU–KY,0.736
Qwen3-8B,17,EN–RU,0.7562
Qwen3-8B,17,EN–KY,0.6812
Qwen3-8B,17,RU–KY,0.7398
Qwen3-8B,18,EN–RU,0.7586
Qwen3-8B,18,EN–KY,0.6787
Qwen3-8B,18,RU–KY,0.7404
Qwen3-8B,19,EN–RU,0.7531
Qwen3-8B,19,EN–KY,0.6793
Qwen3-8B,19,RU–KY,0.7443
Qwen3-8B,20,EN–RU,0.7547
Qwen3-8B,20,EN–KY,0.6839
Qwen3-8B,20,RU–KY,0.7494
Qwen3-8B,21,EN–RU,0.7547
Qwen3-8B,21,EN–KY,0.6772
Qwen3-8B,21,RU–KY,0.7445
Qwen3-8B,22,EN–RU,0.7487
Qwen3-8B,22,EN–KY,0.6734
Qwen3-8B,22,RU–KY,0.7421
Qwen3-8B,23,EN–RU,0.7548
Qwen3-8B,23,EN–KY,0.6675
Qwen3-8B,23,RU–KY,0.737
Qwen3-8B,24,EN–RU,0.7533
Qwen3-8B,24,EN–KY,0.6443
Qwen3-8B,24,RU–KY,0.7147
Qwen3-8B,25,EN–RU,0.7553
Qwen3-8B,25,EN–KY,0.6378
Qwen3-8B,25,RU–KY,0.7127
Qwen3-8B,26,EN–RU,0.7553
Qwen3-8B,26,EN–KY,0.5956
Qwen3-8B,26,RU–KY,0.6721
Qwen3-8B,27,EN–RU,0.7555
Qwen3-8B,27,EN–KY,0.5961
Qwen3-8B,27,RU–KY,0.6667
Qwen3-8B,28,EN–RU,0.7596
Qwen3-8B,28,EN–KY,0.5909
Qwen3-8B,28,RU–KY,0.661
Qwen3-8B,29,EN–RU,0.7639
Qwen3-8B,29,EN–KY,0.5803
Qwen3-8B,29,RU–KY,0.6272
Qwen3-8B,30,EN–RU,0.763
Qwen3-8B,30,EN–KY,0.58
Qwen3-8B,30,RU–KY,0.6237
Qwen3-8B,31,EN–RU,0.7606
Qwen3-8B,31,EN–KY,0.5943
Qwen3-8B,31,RU–KY,0.6541
Qwen3-8B,32,EN–RU,0.7568
Qwen3-8B,32,EN–KY,0.5762
Qwen3-8B,32,RU–KY,0.6329
Qwen3-8B,33,EN–RU,0.7504
Qwen3-8B,33,EN–KY,0.5704
Qwen3-8B,33,RU–KY,0.6238
Qwen3-8B,34,EN–RU,0.7484
Qwen3-8B,34,EN–KY,0.5823
Qwen3-8B,34,RU–KY,0.6314
Qwen3-8B,35,EN–RU,0.7509
Qwen3-8B,35,EN–KY,0.5891
Qwen3-8B,35,RU–KY,0.6594
Qwen3-8B,36,EN–RU,0.584
Qwen3-8B,36,EN–KY,0.4571
Qwen3-8B,36,RU–KY,0.6457
Mistral-7B,0,EN–RU,0.7468
Mistral-7B,0,EN–KY,0.6757
Mistral-7B,0,RU–KY,0.7255
Mistral-7B,1,EN–RU,0.8096
Mistral-7B,1,EN–KY,0.6872
Mistral-7B,1,RU–KY,0.7905
Mistral-7B,2,EN–RU,0.8498
Mistral-7B,2,EN–KY,0.7865
Mistral-7B,2,RU–KY,0.8419
Mistral-7B,3,EN–RU,0.8506
Mistral-7B,3,EN–KY,0.7649
Mistral-7B,3,RU–KY,0.8237
Mistral-7B,4,EN–RU,0.85
Mistral-7B,4,EN–KY,0.7539
Mistral-7B,4,RU–KY,0.8274
Mistral-7B,5,EN–RU,0.8469
Mistral-7B,5,EN–KY,0.72
Mistral-7B,5,RU–KY,0.8175
Mistral-7B,6,EN–RU,0.8459
Mistral-7B,6,EN–KY,0.6759
Mistral-7B,6,RU–KY,0.7895
Mistral-7B,7,EN–RU,0.8445
Mistral-7B,7,EN–KY,0.6339
Mistral-7B,7,RU–KY,0.7647
Mistral-7B,8,EN–RU,0.8485
Mistral-7B,8,EN–KY,0.6297
Mistral-7B,8,RU–KY,0.7566
Mistral-7B,9,EN–RU,0.8457
Mistral-7B,9,EN–KY,0.6221
Mistral-7B,9,RU–KY,0.7548
Mistral-7B,10,EN–RU,0.8462
Mistral-7B,10,EN–KY,0.6046
Mistral-7B,10,RU–KY,0.7385
Mistral-7B,11,EN–RU,0.8468
Mistral-7B,11,EN–KY,0.6052
Mistral-7B,11,RU–KY,0.7373
Mistral-7B,12,EN–RU,0.8473
Mistral-7B,12,EN–KY,0.5991
Mistral-7B,12,RU–KY,0.7299
Mistral-7B,13,EN–RU,0.8483
Mistral-7B,13,EN–KY,0.5883
Mistral-7B,13,RU–KY,0.7199
Mistral-7B,14,EN–RU,0.8506
Mistral-7B,14,EN–KY,0.5719
Mistral-7B,14,RU–KY,0.7035
Mistral-7B,15,EN–RU,0.8493
Mistral-7B,15,EN–KY,0.5576
Mistral-7B,15,RU–KY,0.701
Mistral-7B,16,EN–RU,0.8498
Mistral-7B,16,EN–KY,0.5216
Mistral-7B,16,RU–KY,0.6749
Mistral-7B,17,EN–RU,0.847
Mistral-7B,17,EN–KY,0.4806
Mistral-7B,17,RU–KY,0.6481
Mistral-7B,18,EN–RU,0.8336
Mistral-7B,18,EN–KY,0.4519
Mistral-7B,18,RU–KY,0.6306
Mistral-7B,19,EN–RU,0.8146
Mistral-7B,19,EN–KY,0.4473
Mistral-7B,19,RU–KY,0.6566
Mistral-7B,20,EN–RU,0.8071
Mistral-7B,20,EN–KY,0.3752
Mistral-7B,20,RU–KY,0.5868
Mistral-7B,21,EN–RU,0.7955
Mistral-7B,21,EN–KY,0.3188
Mistral-7B,21,RU–KY,0.5504
Mistral-7B,22,EN–RU,0.7846
Mistral-7B,22,EN–KY,0.3055
Mistral-7B,22,RU–KY,0.5322
Mistral-7B,23,EN–RU,0.7755
Mistral-7B,23,EN–KY,0.3095
Mistral-7B,23,RU–KY,0.5359
Mistral-7B,24,EN–RU,0.7409
Mistral-7B,24,EN–KY,0.277
Mistral-7B,24,RU–KY,0.5337
Mistral-7B,25,EN–RU,0.7288
Mistral-7B,25,EN–KY,0.27
Mistral-7B,25,RU–KY,0.5216
Mistral-7B,26,EN–RU,0.7187
Mistral-7B,26,EN–KY,0.2756
Mistral-7B,26,RU–KY,0.5208
Mistral-7B,27,EN–RU,0.6827
Mistral-7B,27,EN–KY,0.2752
Mistral-7B,27,RU–KY,0.5357
Mistral-7B,28,EN–RU,0.6802
Mistral-7B,28,EN–KY,0.2924
Mistral-7B,28,RU–KY,0.5326
Mistral-7B,29,EN–RU,0.6719
Mistral-7B,29,EN–KY,0.3041
Mistral-7B,29,RU–KY,0.5393
Mistral-7B,30,EN–RU,0.7028
Mistral-7B,30,EN–KY,0.4095
Mistral-7B,30,RU–KY,0.5697
Mistral-7B,31,EN–RU,0.7129
Mistral-7B,31,EN–KY,0.4861
Mistral-7B,31,RU–KY,0.599
Mistral-7B,32,EN–RU,0.5031
Mistral-7B,32,EN–KY,0.412
Mistral-7B,32,RU–KY,0.5953
Llama-3.1-8B,0,EN–RU,0.7739
Llama-3.1-8B,0,EN–KY,0.6839
Llama-3.1-8B,0,RU–KY,0.6458
Llama-3.1-8B,1,EN–RU,0.7816
Llama-3.1-8B,1,EN–KY,0.4657
Llama-3.1-8B,1,RU–KY,0.6016
Llama-3.1-8B,2,EN–RU,0.8592
Llama-3.1-8B,2,EN–KY,0.7246
Llama-3.1-8B,2,RU–KY,0.7204
Llama-3.1-8B,3,EN–RU,0.8566
Llama-3.1-8B,3,EN–KY,0.7252
Llama-3.1-8B,3,RU–KY,0.7419
Llama-3.1-8B,4,EN–RU,0.8589
Llama-3.1-8B,4,EN–KY,0.6898
Llama-3.1-8B,4,RU–KY,0.7325
Llama-3.1-8B,5,EN–RU,0.8689
Llama-3.1-8B,5,EN–KY,0.6962
Llama-3.1-8B,5,RU–KY,0.7276
Llama-3.1-8B,6,EN–RU,0.8649
Llama-3.1-8B,6,EN–KY,0.6815
Llama-3.1-8B,6,RU–KY,0.7164
Llama-3.1-8B,7,EN–RU,0.8675
Llama-3.1-8B,7,EN–KY,0.6791
Llama-3.1-8B,7,RU–KY,0.7184
Llama-3.1-8B,8,EN–RU,0.872
Llama-3.1-8B,8,EN–KY,0.698
Llama-3.1-8B,8,RU–KY,0.7331
Llama-3.1-8B,9,EN–RU,0.8719
Llama-3.1-8B,9,EN–KY,0.712
Llama-3.1-8B,9,RU–KY,0.7424
Llama-3.1-8B,10,EN–RU,0.8752
Llama-3.1-8B,10,EN–KY,0.7246
Llama-3.1-8B,10,RU–KY,0.7502
Llama-3.1-8B,11,EN–RU,0.875
Llama-3.1-8B,11,EN–KY,0.7054
Llama-3.1-8B,11,RU–KY,0.7344
Llama-3.1-8B,12,EN–RU,0.8767
Llama-3.1-8B,12,EN–KY,0.7091
Llama-3.1-8B,12,RU–KY,0.7368
Llama-3.1-8B,13,EN–RU,0.8774
Llama-3.1-8B,13,EN–KY,0.7302
Llama-3.1-8B,13,RU–KY,0.7453
Llama-3.1-8B,14,EN–RU,0.8779
Llama-3.1-8B,14,EN–KY,0.7054
Llama-3.1-8B,14,RU–KY,0.7359
Llama-3.1-8B,15,EN–RU,0.876
Llama-3.1-8B,15,EN–KY,0.6857
Llama-3.1-8B,15,RU–KY,0.7201
Llama-3.1-8B,16,EN–RU,0.8758
Llama-3.1-8B,16,EN–KY,0.6618
Llama-3.1-8B,16,RU–KY,0.7101
Llama-3.1-8B,17,EN–RU,0.8683
Llama-3.1-8B,17,EN–KY,0.6573
Llama-3.1-8B,17,RU–KY,0.7066
Llama-3.1-8B,18,EN–RU,0.8692
Llama-3.1-8B,18,EN–KY,0.6389
Llama-3.1-8B,18,RU–KY,0.6965
Llama-3.1-8B,19,EN–RU,0.866
Llama-3.1-8B,19,EN–KY,0.5606
Llama-3.1-8B,19,RU–KY,0.6352
Llama-3.1-8B,20,EN–RU,0.8638
Llama-3.1-8B,20,EN–KY,0.5679
Llama-3.1-8B,20,RU–KY,0.6338
Llama-3.1-8B,21,EN–RU,0.8555
Llama-3.1-8B,21,EN–KY,0.5084
Llama-3.1-8B,21,RU–KY,0.5969
Llama-3.1-8B,22,EN–RU,0.8591
Llama-3.1-8B,22,EN–KY,0.4851
Llama-3.1-8B,22,RU–KY,0.5721
Llama-3.1-8B,23,EN–RU,0.8458
Llama-3.1-8B,23,EN–KY,0.476
Llama-3.1-8B,23,RU–KY,0.5843
Llama-3.1-8B,24,EN–RU,0.8424
Llama-3.1-8B,24,EN–KY,0.5107
Llama-3.1-8B,24,RU–KY,0.6068
Llama-3.1-8B,25,EN–RU,0.8157
Llama-3.1-8B,25,EN–KY,0.4698
Llama-3.1-8B,25,RU–KY,0.5961
Llama-3.1-8B,26,EN–RU,0.8114
Llama-3.1-8B,26,EN–KY,0.4895
Llama-3.1-8B,26,RU–KY,0.601
Llama-3.1-8B,27,EN–RU,0.7957
Llama-3.1-8B,27,EN–KY,0.4859
Llama-3.1-8B,27,RU–KY,0.5989
Llama-3.1-8B,28,EN–RU,0.778
Llama-3.1-8B,28,EN–KY,0.4964
Llama-3.1-8B,28,RU–KY,0.6173
Llama-3.1-8B,29,EN–RU,0.78
Llama-3.1-8B,29,EN–KY,0.5134
Llama-3.1-8B,29,RU–KY,0.6204
Llama-3.1-8B,30,EN–RU,0.7742
Llama-3.1-8B,30,EN–KY,0.5022
Llama-3.1-8B,30,RU–KY,0.6077
Llama-3.1-8B,31,EN–RU,0.7312
Llama-3.1-8B,31,EN–KY,0.4298
Llama-3.1-8B,31,RU–KY,0.6095
Llama-3.1-8B,32,EN–RU,0.5562
Llama-3.1-8B,32,EN–KY,0.3581
Llama-3.1-8B,32,RU–KY,0.5559
