model,lang,layer,acc,z_score
gemma4,en,0,0.5925675868988037,39.19522703254197
gemma4,en,1,0.5783783912658691,37.88865670166238
gemma4,en,2,0.529054069519043,33.34677166093627
gemma4,en,3,0.5202702760696412,32.53794188577098
gemma4,en,4,0.5195946037769318,32.475724590732604
gemma4,en,5,0.5310810923576355,33.533424094903204
gemma4,en,6,0.5608108162879943,36.27099824903545
gemma4,en,7,0.5520270466804504,35.46217066927749
gemma4,en,8,0.5283783972263336,33.284554365897904
gemma4,en,9,0.4790540695190429,28.74266877631994
gemma4,en,10,0.4959459662437439,30.29810938505668
gemma4,en,11,0.5054054319858551,31.16915645526035
gemma4,en,12,0.503378403186798,30.98250347244157
gemma4,en,13,0.4918918967247009,29.924802321715465
gemma4,en,14,0.4783783972263336,28.68045148128158
gemma4,en,15,0.441216230392456,25.258482690912604
gemma4,en,16,0.4310810923576355,24.325218325670576
gemma4,en,17,0.4067567646503448,22.085384178400783
gemma4,en,18,0.3810810923576355,19.72111544105426
gemma4,en,19,0.3668918967247009,18.41454511017467
gemma4,en,20,0.3918918967247009,20.71659655248283
gemma4,en,21,0.4114864945411682,22.5209074390767
gemma4,en,22,0.4466216385364532,25.756223795478732
gemma4,en,23,0.4243243396282196,23.703042631027717
gemma4,en,24,0.385135143995285,20.094420857839967
gemma4,en,25,0.3966216325759887,21.152120362010578
gemma4,en,26,0.4283783853054047,24.076347498961596
gemma4,en,27,0.4148648738861084,22.831995560824048
gemma4,en,28,0.410135143995285,22.39647230014813
gemma4,en,29,0.412162172794342,22.5831252829669
gemma4,en,30,0.4155405461788177,22.894212855862413
gemma4,en,31,0.4472973048686981,25.81844054166527
gemma4,en,32,0.4601351499557495,27.00057573361628
gemma4,en,33,0.4743243396282196,28.307145515644038
gemma4,en,34,0.4682432532310486,27.74718656718771
gemma4,en,35,0.4493243336677551,26.005093524484035
gemma4,en,36,0.4783783912658691,28.68045093242975
gemma4,en,37,0.4635135233402252,27.311663306511797
gemma4,en,38,0.4641892075538635,27.373881699253833
gemma4,en,39,0.4655405580997467,27.498316838182404
gemma4,en,40,0.4858108162879944,29.36484392211098
gemma4,en,41,0.4587837934494018,26.87614004583587
gemma4,en,42,0.4851351499557495,29.30262717592444
qwen3,en,0,0.5135135233402253,16.61242008267685
qwen3,en,1,0.5743243455886841,19.55701498739108
qwen3,en,2,0.562162184715271,18.968096179619582
qwen3,en,3,0.5797297477722168,19.818756551458897
qwen3,en,4,0.5925675868988037,20.440393199048334
qwen3,en,5,0.5986486673355103,20.734852602934083
qwen3,en,6,0.5912162303924561,20.37495751941247
qwen3,en,7,0.5736486554145813,19.524296570335327
qwen3,en,8,0.5986486673355103,20.734852602934083
qwen3,en,9,0.6141892194747924,21.487360609795246
qwen3,en,10,0.6081081390380859,21.192901205909497
qwen3,en,11,0.5885135173797608,20.244086160140736
qwen3,en,12,0.5824324488639832,19.94962733349281
qwen3,en,13,0.5763513803482055,19.65516850684488
qwen3,en,14,0.566216230392456,19.164402064051533
qwen3,en,15,0.5682432532310486,19.26255500626751
qwen3,en,16,0.566216230392456,19.164402064051533
qwen3,en,17,0.5527027249336243,18.51004815388199
qwen3,en,18,0.5479729890823364,18.28102385239428
qwen3,en,19,0.5506756782531739,18.41189405719037
qwen3,en,20,0.5371621727943421,17.757540147020826
qwen3,en,21,0.5520270228385925,18.47732915958841
qwen3,en,22,0.5581081330776214,18.771790006568718
qwen3,en,23,0.5736486554145813,19.524296570335327
qwen3,en,24,0.5695946097373963,19.327990685903377
qwen3,en,25,0.5810810923576355,19.88419165385694
qwen3,en,26,0.5885135293006897,20.244086737378556
qwen3,en,27,0.5722972989082337,19.458860890699462
qwen3,en,28,0.5635135293006897,19.033531282017623
qwen3,en,29,0.5567567706108093,18.70635403831394
qwen3,en,30,0.5587837934494019,18.80450698052992
qwen3,en,31,0.5418919086456299,17.98656444850853
qwen3,en,32,0.5479729890823364,18.28102385239428
qwen3,en,33,0.5385135412216187,17.822976403894515
qwen3,en,34,0.5439189434051513,18.08471796796233
qwen3,en,35,0.5378378391265869,17.790257409600933
qwen3,en,36,0.5337837934494019,17.593951525168983
gemma4,ru,0,0.460135143995285,29.170035791874124
gemma4,ru,1,0.4459459602832794,27.760434336099422
gemma4,ru,2,0.4378378450870513,26.95494677485785
gemma4,ru,3,0.441216230392456,27.29056698679696
gemma4,ru,4,0.4682432532310486,29.97552276098302
gemma4,ru,5,0.4756756901741027,30.71388616141022
gemma4,ru,6,0.5033783912658691,33.46596609641063
gemma4,ru,7,0.5006756842136383,33.19747004528588
gemma4,ru,8,0.4993243336677551,33.063222315789844
gemma4,ru,9,0.4662162363529205,29.774152054937982
gemma4,ru,10,0.464189201593399,29.57277957249491
gemma4,ru,11,0.4574324369430542,28.901539740749378
gemma4,ru,12,0.4554054081439972,28.700167850438987
gemma4,ru,13,0.4655405521392822,29.707027301990944
gemma4,ru,14,0.4331081211566925,26.48508001768808
gemma4,ru,15,0.4236486613750457,25.54534531908315
gemma4,ru,16,0.3966216325759887,22.86038895276442
gemma4,ru,17,0.3635135114192963,19.571316323381836
gemma4,ru,18,0.325000011920929,15.745255144545837
gemma4,ru,19,0.3243243336677551,15.678130983731474
gemma4,ru,20,0.3344594657421112,16.684989251018077
gemma4,ru,21,0.3479729831218719,18.027467730243778
gemma4,ru,22,0.3797297418117523,21.18229144586497
gemma4,ru,23,0.3885135293006897,22.054902575788223
gemma4,ru,24,0.333108115196228,16.55074152152204
gemma4,ru,25,0.3364864885807037,16.886360549195782
gemma4,ru,26,0.3547297358512878,18.69870637772395
gemma4,ru,27,0.360135143995285,19.23569788784077
gemma4,ru,28,0.3391891956329346,17.15485660032054
gemma4,ru,29,0.3452702760696411,17.758971679119032
gemma4,ru,30,0.3486486554145813,18.094591298925458
gemma4,ru,31,0.3925675809383392,22.45764576427632
gemma4,ru,32,0.4054054141044617,23.73299949055499
gemma4,ru,33,0.3966216266155243,22.860388360631745
gemma4,ru,34,0.3952702760696411,22.72614063113571
gemma4,ru,35,0.3878378510475159,21.987778414973864
gemma4,ru,36,0.3891891956329346,22.122025552337217
gemma4,ru,37,0.4067567646503448,23.86724722005102
gemma4,ru,38,0.402027028799057,23.39737927861588
gemma4,ru,39,0.4006756842136383,23.26313214125253
gemma4,ru,40,0.4128378450870514,24.47136229884952
gemma4,ru,41,0.3918918967247009,22.390521011329284
gemma4,ru,42,0.4027027189731598,23.464504623695603
qwen3,ru,0,0.4074324369430542,11.13416118618194
qwen3,ru,1,0.4493243336677551,13.07271235143243
qwen3,ru,2,0.4709459602832794,14.07325500400279
qwen3,ru,3,0.4864865005016326,14.792394854530189
qwen3,ru,4,0.4972973167896271,15.29266631872588
qwen3,ru,5,0.5162162363529206,16.16814096733681
qwen3,ru,6,0.5439189314842224,17.45008559448708
qwen3,ru,7,0.5371621608734131,17.137415446678006
qwen3,ru,8,0.5574324250221252,18.075423683537128
qwen3,ru,9,0.5675675868988037,18.544429181071756
qwen3,ru,10,0.5722972989082337,18.763297015761452
qwen3,ru,11,0.5925675749778747,19.701305804262596
qwen3,ru,12,0.5743243336677551,18.85709822559678
qwen3,ru,13,0.575000011920929,18.88836529554189
qwen3,ru,14,0.5905405521392822,19.607505146069297
qwen3,ru,15,0.5702702879905701,18.66949690921017
qwen3,ru,16,0.5743243336677551,18.85709822559678
qwen3,ru,17,0.5635135173797607,18.356826761401095
qwen3,ru,18,0.5527027189731598,17.856556124668447
qwen3,ru,19,0.5567567706108093,18.044157716876068
qwen3,ru,20,0.5466216266155243,17.575153046804484
qwen3,ru,21,0.5601351618766784,18.20049306660162
qwen3,ru,22,0.558108115196228,18.106691305124265
qwen3,ru,23,0.5479729890823364,17.637687462515714
qwen3,ru,24,0.562162184715271,18.294293724794926
qwen3,ru,25,0.558108115196228,18.106691305124265
qwen3,ru,26,0.5662162184715271,18.481894489539513
qwen3,ru,27,0.5682432532310486,18.575695699374844
qwen3,ru,28,0.562162172794342,18.294293173152898
qwen3,ru,29,0.550000011920929,17.73148812070902
qwen3,ru,30,0.5472973108291626,17.606420392570605
qwen3,ru,31,0.5486486673355102,17.668954532460823
qwen3,ru,32,0.5216216385364533,16.41827642361364
qwen3,ru,33,0.5229729831218719,16.48081001186183
qwen3,ru,34,0.5236486613750457,16.512077081806943
qwen3,ru,35,0.5168919026851654,16.19940748563989
qwen3,ru,36,0.5263513684272766,16.63714508576637
gemma4,ky,0,0.4452702820301056,27.488510203121
gemma4,ky,1,0.4391891896724701,26.888425203188827
gemma4,ky,2,0.4162162244319916,24.621442392532295
gemma4,ky,3,0.4087837934494018,23.88800667352317
gemma4,ky,4,0.4594594717025757,28.888705987510075
gemma4,ky,5,0.4432432532310486,27.28848206587073
gemma4,ky,6,0.4391891956329345,26.8884257913702
gemma4,ky,7,0.431081086397171,26.08831383055054
gemma4,ky,8,0.4162162184715271,24.621441804350912
gemma4,ky,9,0.4054054200649261,23.554627229014574
gemma4,ky,10,0.3959459543228149,22.621162784573805
gemma4,ky,11,0.3918919026851654,22.221107098254667
gemma4,ky,12,0.3614864945411682,19.22068739222625
gemma4,ky,13,0.3662162244319916,19.687419320355943
gemma4,ky,14,0.3594594657421112,19.020659254975982
gemma4,ky,15,0.329054057598114,16.020239548947565
gemma4,ky,16,0.3270270347595215,15.820211999878687
gemma4,ky,17,0.3256756842136383,15.68686010443897
gemma4,ky,18,0.2959459543228149,12.753116640221098
gemma4,ky,19,0.2858108162879944,11.752976542151167
gemma4,ky,20,0.3087837934494019,14.019960529170469
gemma4,ky,21,0.3317567646503448,16.286943928008377
gemma4,ky,22,0.3628378450870514,19.354039287665966
gemma4,ky,23,0.3716216266155243,20.220826902114798
gemma4,ky,24,0.3182432472705841,14.953423797248467
gemma4,ky,25,0.3222973048686981,15.353480071748994
gemma4,ky,26,0.3135135233402252,14.486692457300157
gemma4,ky,27,0.3094594657421112,14.086636182799628
gemma4,ky,28,0.3229729831218719,15.420156313559538
gemma4,ky,29,0.3358108222484589,16.68700020250891
gemma4,ky,30,0.3567567646503448,18.75395546409655
gemma4,ky,31,0.3810810923576355,21.154291346555567
gemma4,ky,32,0.3837837874889374,21.420994549253614
gemma4,ky,33,0.3891891956329346,21.954402719193855
gemma4,ky,34,0.3918919026851654,22.221107098254667
gemma4,ky,35,0.383108115196228,21.354318895624445
gemma4,ky,36,0.3831081271171569,21.35432007198721
gemma4,ky,37,0.3682432532310485,19.887447457606196
gemma4,ky,38,0.3533783853054046,18.420575431406572
gemma4,ky,39,0.3439189314842224,17.48711216332858
gemma4,ky,40,0.3614865005016326,19.220687980407625
gemma4,ky,41,0.3614865005016326,19.220687980407625
gemma4,ky,42,0.3513513624668121,18.220547882337694
qwen3,ky,0,0.3567567646503448,8.81107731570102
qwen3,ky,1,0.4209459543228149,11.79628535211892
qwen3,ky,2,0.4229729771614074,11.890554884085985
qwen3,ky,3,0.4222973048686981,11.859131799163544
qwen3,ky,4,0.4229729831218719,11.890555161285725
qwen3,ky,5,0.4459459602832794,12.95894559264353
qwen3,ky,6,0.4628378450870514,13.744526319301192
qwen3,ky,7,0.4675675809383392,13.964489299756975
qwen3,ky,8,0.477027040719986,14.404414706269076
qwen3,ky,9,0.4756756961345673,14.341568536424193
qwen3,ky,10,0.4648648798465729,13.838796405667733
qwen3,ky,11,0.4587837934494018,13.555986978167319
qwen3,ky,12,0.4459459543228149,12.958945315443795
qwen3,ky,13,0.4547297418117523,13.36744763703345
qwen3,ky,14,0.4459459602832794,12.95894559264353
qwen3,ky,15,0.4412162244319916,12.738982612187746
qwen3,ky,16,0.4500000059604644,13.147484656577662
qwen3,ky,17,0.4472973108291626,13.021792039688155
qwen3,ky,18,0.4344594717025757,12.42475037696463
qwen3,ky,19,0.4520270347595215,13.241754465744467
qwen3,ky,20,0.4250000119209289,11.984824970452523
qwen3,ky,21,0.4324324429035187,12.330480567797826
qwen3,ky,22,0.4175675809383392,11.639169373107228
qwen3,ky,23,0.4479729831218719,13.053215124610594
qwen3,ky,24,0.4533783912658691,13.304601189988826
qwen3,ky,25,0.4770270347595214,14.404414429069336
qwen3,ky,26,0.4675675749778747,13.96448902255724
qwen3,ky,27,0.4777027070522308,14.43583751399178
qwen3,ky,28,0.4750000178813934,14.310145174302008
qwen3,ky,29,0.4709459662437439,14.12160583316814
qwen3,ky,30,0.4628378570079803,13.744526873700663
qwen3,ky,31,0.4506756842136383,13.178908018699843
qwen3,ky,32,0.4567567586898803,13.46171689180078
qwen3,ky,33,0.4445946037769318,12.89609886839917
qwen3,ky,34,0.4432432532310486,12.833252421354546
qwen3,ky,35,0.4263513505458832,12.047670863097677
qwen3,ky,36,0.4418919026851654,12.770405974309927
